STABLE ID,BOOK ID,BOOK TITLE,SUBJECT,CATEGORY,GRADE,AUTHOR/PUBLISHER,COPYRIGHT YEAR,APPROVED YEAR,BOOK COVER
"NaCCA_Approved_BK0001","NaCCA/G.42/Vol.8/177","Mathematics For Primary Schools L/B 1","Mathematics","Textbook","Lower Primary","Juleno Jadec Ltd.","2025","2026","https://drive.google.com/thumbnail?id=12IZyqDu52rgPrFg-MvXSwE2yfflzFlJc&sz=w200"
"NaCCA_Approved_BK0002","NaCCA/G.42/Vol.8/177","Mathematics For Primary Schools T/G 1","Mathematics","Textbook","Lower Primary","Juleno Jadec Ltd.","2025","2026","https://drive.google.com/thumbnail?id=1qMyywZ3dIhW5wqR3MAYqydQ2pzynblTX&sz=w200"
"NaCCA_Approved_BK0003","NaCCA/G.42/Vol.8/177","Mathematics For Primary Schools W/B 1","Mathematics","Textbook","Lower Primary","Juleno Jadec Ltd.","2025","2026","https://drive.google.com/thumbnail?id=1qU4HUKsCelZBx6KkX0H-U4OdA4VIz9Z7&sz=w200"
"NaCCA_Approved_BK0004","NaCCA/G.42/Vol.8/177","Mathematics For Primary Schools L/B 2","Mathematics","Textbook","Lower Primary","Juleno Jadec Ltd.","2025","2026","https://drive.google.com/thumbnail?id=1hyxBTvviSynuhy7j41aUNPlGTttzmrrX&sz=w200"
"NaCCA_Approved_BK0005","NaCCA/G.42/Vol.8/177","Mathematics For Primary Schools T/G 2","Mathematics","Textbook","Lower Primary","Juleno Jadec Ltd.","2025","2026","https://drive.google.com/thumbnail?id=1xsoldibYGWgdFe6-P-vk1G0BJpfMGPwK&sz=w200"
"NaCCA_Approved_BK0006","NaCCA/G.42/Vol.8/177","Mathematics For Primary Schools W/B 2","Mathematics","Textbook","Lower Primary","Juleno Jadec Ltd.","2025","2026","https://drive.google.com/thumbnail?id=1qS-HG7MxJ7Doh6Pi1ppGUDSNKNZ7HZHH&sz=w200"
"NaCCA_Approved_BK0007","NaCCA/G.42/Vol.8/177","Mathematics For Primary Schools L/B 3","Mathematics","Textbook","Lower Primary","Juleno Jadec Ltd.","2025","2026","https://drive.google.com/thumbnail?id=1xbrgkew8xjPYhRz9zsNe-tSXm275nHap&sz=w200"
"NaCCA_Approved_BK0008","NaCCA/G.42/Vol.8/177","Mathematics For Primary Schools T/G 3","Mathematics","Textbook","Lower Primary","Juleno Jadec Ltd.","2025","2026","https://drive.google.com/thumbnail?id=1NfQol_xjSm-IEt2pP7GYN3B7gFl4fCmi&sz=w200"
"NaCCA_Approved_BK0009","NaCCA/G.42/Vol.8/177","Mathematics For Primary Schools W/B 3","Mathematics","Textbook","Lower Primary","Juleno Jadec Ltd.","2025","2026","https://drive.google.com/thumbnail?id=1aKxa0JW3538IKdHy2dPVwreEq-EV4YBg&sz=w200"
"NaCCA_Approved_BK0010","NaCCA/G.42/Vol.8/177","Juleno Jadec Series Mathematics for Primary Schools Bk 4","Mathematics","Textbook","Upper Primary","Juleno Jadec Ltd.","2025","2026","https://drive.google.com/thumbnail?id=16QtAXevIReOyjSRNi1UhKs53SLC_6yot&sz=w200"
"NaCCA_Approved_BK0011","NaCCA/G.42/Vol.8/177","Juleno Jadec Series Mathematics for Primary Schools WorkBook 4","Mathematics","Textbook","Upper Primary","Juleno Jadec Ltd.","2025","2026","https://drive.google.com/thumbnail?id=1eiZLU3Vm1Z4rofa_uhJddXsvYXyHS_7a&sz=w200"
"NaCCA_Approved_BK0012","NaCCA/G.42/Vol.8/177","Juleno Jadec Series Mathematics for Primary Schools - Facilitator's Guide 4","Mathematics","Textbook","Upper Primary","Juleno Jadec Ltd.","2025","2026","https://drive.google.com/thumbnail?id=1Ejp3BNwtehrMjRvc0L1bka19d5xmOrWI&sz=w200"
"NaCCA_Approved_BK0013","NaCCA/G.42/Vol.8/177","Juleno Jadec Series Mathematics for Primary Schools Bk 5","Mathematics","Textbook","Upper Primary","Juleno Jadec Ltd.","2025","2026","https://drive.google.com/thumbnail?id=138EXHRTlXiQrWx180NuJ4lo51gQxV3J6&sz=w200"
"NaCCA_Approved_BK0014","NaCCA/G.42/Vol.8/177","Juleno Jadec Series Mathematics for Primary Schools WorkBook 5","Mathematics","Textbook","Upper Primary","Juleno Jadec Ltd.","2025","2026","https://drive.google.com/thumbnail?id=1Fl0MOhqW_3DynSXL5j3G9u4f5v6z5LTl&sz=w200"
"NaCCA_Approved_BK0015","NaCCA/G.42/Vol.8/177","Juleno Jadec Series Mathematics for Primary Schools - Facilitator's Guide 5","Mathematics","Textbook","Upper Primary","Juleno Jadec Ltd.","2025","2026","https://drive.google.com/thumbnail?id=1iyZttuJyCyh6MmtnpAFbcPOTsxyRLh5I&sz=w200"
"NaCCA_Approved_BK0016","NaCCA/G.42/Vol.8/177","Juleno Jadec Series Mathematics for Primary Schools Bk 6","Mathematics","Textbook","Upper Primary","Juleno Jadec Ltd.","2025","2026","https://drive.google.com/thumbnail?id=1zLD11NQh8J4NnOrHVY7PV5pX6hbuPjT1&sz=w200"
"NaCCA_Approved_BK0017","NaCCA/G.42/Vol.8/177","Juleno Jadec Series Mathematics for Primary Schools WorkBook 6","Mathematics","Textbook","Upper Primary","Juleno Jadec Ltd.","2025","2026","https://drive.google.com/thumbnail?id=1A5pK--HsWfHHbhPyizW2KLTxdQtDZT8L&sz=w200"
"NaCCA_Approved_BK0018","NaCCA/G.42/Vol.8/177","Juleno Jadec Series Mathematics for Primary Schools - Facilitator's Guide 6","Mathematics","Textbook","Upper Primary","Juleno Jadec Ltd.","2025","2026","https://drive.google.com/thumbnail?id=1PWeIrRJ9Bu6R_JWy9pOor7Dv4JVm2enZ&sz=w200"
"NaCCA_Approved_BK0019","NaCCA/G.42/Vol.8/177","Juleno Jadec Series Science for Primary Schools Bk 1","Science","Textbook","Lower Primary","Juleno Jadec Ltd.","2025","2026",""
"NaCCA_Approved_BK0020","NaCCA/G.42/Vol.8/177","Juleno Jadec Series Science for Primary Schools WorkBook 1","Science","Textbook","Lower Primary","Juleno Jadec Ltd.","2025","2026",""
"NaCCA_Approved_BK0021","NaCCA/G.42/Vol.8/177","Juleno Jadec Series Science for Primary Schools - Facilitator's Guide 1","Science","Textbook","Lower Primary","Juleno Jadec Ltd.","2025","2026",""
"NaCCA_Approved_BK0022","NaCCA/G.42/Vol.8/177","Juleno Jadec Series Science for Primary Schools Bk 2","Science","Textbook","Lower Primary","Juleno Jadec Ltd.","2025","2026",""
"NaCCA_Approved_BK0023","NaCCA/G.42/Vol.8/177","Juleno Jadec Series Science for Primary Schools WorkBook 2","Science","Textbook","Lower Primary","Juleno Jadec Ltd.","2025","2026",""
"NaCCA_Approved_BK0024","NaCCA/G.42/Vol.8/177","Juleno Jadec Series Science for Primary Schools - Facilitator's Guide 2","Science","Textbook","Lower Primary","Juleno Jadec Ltd.","2025","2026",""
"NaCCA_Approved_BK0025","NaCCA/G.42/Vol.8/177","Juleno Jadec Series Science for Primary Schools Bk 3","Science","Textbook","Lower Primary","Juleno Jadec Ltd.","2025","2026",""
"NaCCA_Approved_BK0026","NaCCA/G.42/Vol.8/177","Juleno Jadec Series Science for Primary Schools WorkBook 3","Science","Textbook","Lower Primary","Juleno Jadec Ltd.","2025","2026",""
"NaCCA_Approved_BK0027","NaCCA/G.42/Vol.8/177","Juleno Jadec Series Science for Primary Schools - Facilitator's Guide 3","Science","Textbook","Lower Primary","Juleno Jadec Ltd.","2025","2026",""
"NaCCA_Approved_BK0028","NaCCA/G.42/Vol.8/177","Juleno Jadec Series Science Learners Book 4","Science","Textbook","Upper Primary","Juleno Jadec Ltd.","2025","2026",""
"NaCCA_Approved_BK0029","NaCCA/G.42/Vol.8/177","Juleno Jadec Series Science Learners Book 4 TG","Science","Textbook","Upper Primary","Juleno Jadec Ltd.","2025","2026",""
"NaCCA_Approved_BK0030","NaCCA/G.42/Vol.8/177","Juleno Jadec Series Science Learners Book 4 Workbook","Science","Textbook","Upper Primary","Juleno Jadec Ltd.","2025","2026",""
"NaCCA_Approved_BK0031","NaCCA/G.42/Vol.8/177","Juleno Jadec Series Science Learners Book 5","Science","Textbook","Upper Primary","Juleno Jadec Ltd.","2025","2026",""
"NaCCA_Approved_BK0032","NaCCA/G.42/Vol.8/177","Juleno Jadec Series Science Learners Book 5 TG","Science","Textbook","Upper Primary","Juleno Jadec Ltd.","2025","2026",""
"NaCCA_Approved_BK0033","NaCCA/G.42/Vol.8/177","Juleno Jadec Series Science Learners Book 5 Workbook","Science","Textbook","Upper Primary","Juleno Jadec Ltd.","2025","2026",""
"NaCCA_Approved_BK0034","NaCCA/G.42/Vol.8/177","Juleno Jadec Series Science Learners Book 6","Science","Textbook","Upper Primary","Juleno Jadec Ltd.","2025","2026",""
"NaCCA_Approved_BK0035","NaCCA/G.42/Vol.8/177","Juleno Jadec Series Science Learners Book 6 TG","Science","Textbook","Upper Primary","Juleno Jadec Ltd.","2025","2026",""
"NaCCA_Approved_BK0036","NaCCA/G.42/Vol.8/177","Juleno Jadec Series Science Learners Book 6 Workbook","Science","Textbook","Upper Primary","Juleno Jadec Ltd.","2025","2026",""
"NaCCA_Approved_BK0037","NaCCA/G.42/Vol.8/169","Numeracy for Kindergarten Schools for KG1","Numeracy","Textbook","Kindergarten","AKI-OLA PUBLICATIONS CO. LTD","2025","2026",""
"NaCCA_Approved_BK0038","NaCCA/G.42/Vol.8/169","Numeracy for Kindergarten Schools for KG1 TG","Numeracy","Textbook","Kindergarten","AKI-OLA PUBLICATIONS CO. LTD","2025","2026",""
"NaCCA_Approved_BK0039","NaCCA/G.42/Vol.8/169","Numeracy for Kindergarten Schools for KG2","Numeracy","Textbook","Kindergarten","AKI-OLA PUBLICATIONS CO. LTD","2025","2026",""
"NaCCA_Approved_BK0040","NaCCA/G.42/Vol.8/169","Numeracy for Kindergarten Schools for KG2 TG","Numeracy","Textbook","Kindergarten","AKI-OLA PUBLICATIONS CO. LTD","2025","2026",""
"NaCCA_Approved_BK0041","NaCCA/G.42/Vol.8/169","Our World and Our People for KG 1","OWOP","Textbook","Kindergarten","AKI-OLA PUBLICATIONS CO. LTD","2025","2026",""
"NaCCA_Approved_BK0042","NaCCA/G.42/Vol.8/169","Our World and Our People for KG 1 TG","OWOP","Textbook","Kindergarten","AKI-OLA PUBLICATIONS CO. LTD","2025","2026",""
"NaCCA_Approved_BK0043","NaCCA/G.42/Vol.8/169","Our World and Our People for KG 2","OWOP","Textbook","Kindergarten","AKI-OLA PUBLICATIONS CO. LTD","2025","2026",""
"NaCCA_Approved_BK0044","NaCCA/G.42/Vol.8/169","Our World and Our People for KG 2 TG","OWOP","Textbook","Kindergarten","AKI-OLA PUBLICATIONS CO. LTD","2025","2026",""
"NaCCA_Approved_BK0045","NaCCA/G.42/Vol.8/170","French for Primary Schools Basic 4","French","Textbook","Primary","AKI-OLA PUBLICATIONS CO. LTD","2025","2026",""
"NaCCA_Approved_BK0046","NaCCA/G.42/Vol.8/170","French for Primary Schools Basic 4 TG","French","Textbook","Primary","AKI-OLA PUBLICATIONS CO. LTD","2025","2026",""
"NaCCA_Approved_BK0047","NaCCA/G.42/Vol.8/170","French for Primary Schools Basic 5","French","Textbook","Primary","AKI-OLA PUBLICATIONS CO. LTD","2025","2026",""
"NaCCA_Approved_BK0048","NaCCA/G.42/Vol.8/170","French for Primary Schools Basic 5 TG","French","Textbook","Primary","AKI-OLA PUBLICATIONS CO. LTD","2025","2026",""
"NaCCA_Approved_BK0049","NaCCA/G.42/Vol.8/170","French for Primary Schools Basic 6","French","Textbook","Primary","AKI-OLA PUBLICATIONS CO. LTD","2025","2026",""
"NaCCA_Approved_BK0050","NaCCA/G.42/Vol.8/170","French for Primary Schools Basic 6 TG","French","Textbook","Primary","AKI-OLA PUBLICATIONS CO. LTD","2025","2026",""
"NaCCA_Approved_BK0051","NaCCA/G.42/VOL.8/139","Not Just a Girl","Reader","Supplementary","JHS/SHS","Kwame Adu","2025","2026","https://drive.google.com/thumbnail?id=1CM_lnIzmS1sKKaWyXf-vFL0FxOsNoiCT&sz=w200"
"NaCCA_Approved_BK0052","NaCCA/G.42/VOL.8/139","The Girl and the Law","Reader","Supplementary","JHS/SHS","Kwame Adu","2025","2026","https://drive.google.com/thumbnail?id=16HetR0Q_Ec5HMC4P7khPH0Fp7q3WlZjd&sz=w200"
"NaCCA_Approved_BK0053","NaCCA/G.42/VOL.4/140","Thinking Ghana - Making Ghana Proud","Reader","Supplementary","Primary","Gordon Tabiri Acquah","2024","2026",""
"NaCCA_Approved_BK0054","NaCCA/G.42/VOL.8/151","Computing for JHS 1","Computing","Textbook","JHS","Winmat Publishers Ltd.","2025","2026","https://drive.google.com/thumbnail?id=143CnWgPA3ytZUiEfooFxM5CkrgbJ6SHq&sz=w200"
"NaCCA_Approved_BK0055","NaCCA/G.42/VOL.8/151","Computing for JHS 2","Computing","Textbook","JHS","Winmat Publishers Ltd.","2025","2026","https://drive.google.com/thumbnail?id=18sVXcjTIQH5xPzmR38fCU5kIUD8BRq3w&sz=w200"
"NaCCA_Approved_BK0056","NaCCA/G.42/VOL.8/151","Computing for JHS 3","Computing","Textbook","JHS","Winmat Publishers Ltd.","2025","2026","https://drive.google.com/thumbnail?id=10tbZ081ZOl06k-Fd28Z0qtuZnFsjNxFd&sz=w200"
"NaCCA_Approved_BK0057","NaCCA/G.42/VOL.8/152","Asante Twi Ntoasoɔ Sukuu - JHS 1","Asante Twi","Textbook","JHS","Winmat Publishers Ltd.","2025","2026","https://drive.google.com/thumbnail?id=1rVJ-Z0JqWOurfVnwudwCgbkNZl4ZvGzq&sz=w200"
"NaCCA_Approved_BK0058","NaCCA/G.42/VOL.8/152","Asante Twi Ntoasoɔ Sukuu - JHS 2","Asante Twi","Textbook","JHS","Winmat Publishers Ltd.","2025","2026","https://drive.google.com/thumbnail?id=1xtavuYAWofmf5X8wFfh0LnjbCGcdXwNH&sz=w200"
"NaCCA_Approved_BK0059","NaCCA/G.42/VOL.8/152","Asante Twi Ntoasoɔ Sukuu - JHS 3","Asante Twi","Textbook","JHS","Winmat Publishers Ltd.","2025","2026","https://drive.google.com/thumbnail?id=1tztdrXMHwB2EtPXP0UvuGl3eU2jxJR21&sz=w200"
"NaCCA_Approved_BK0060","NaCCA/G.42/VOL.8/153","Evegbegbalē Na Dzuniɔ Sekendrisukuwo - JHS 1","Evegbe","Textbook","JHS","Winmat Publishers Ltd.","2025","2026","https://drive.google.com/thumbnail?id=1jIsdfMLm1XgJ8VTMoXHd7KnFAsEqJDq1&sz=w200"
"NaCCA_Approved_BK0061","NaCCA/G.42/VOL.8/153","Evegbegbalē Na Dzuniɔ Sekendrisukuwo - JHS 2","Evegbe","Textbook","JHS","Winmat Publishers Ltd.","2025","2026","https://drive.google.com/thumbnail?id=1Z97Hi0uf0l1pkjApmZqsoVpfiWSb1KHn&sz=w200"
"NaCCA_Approved_BK0062","NaCCA/G.42/VOL.8/153","Evegbegbalē Na Dzuniɔ Sekendrisukuwo - JHS 3","Evegbe","Textbook","JHS","Winmat Publishers Ltd.","2025","2026","https://drive.google.com/thumbnail?id=12Z89gX9-GH9mmG286O2f7-catggB9WoS&sz=w200"
"NaCCA_Approved_BK0063","NaCCA/G.42/VOL.8/154","Dagbani Buku Zanti Bisarinsi Shikuriti for JHS 1","Dagbani","Textbook","JHS","Winmat Publishers Ltd.","2025","2026","https://drive.google.com/thumbnail?id=1K0FvLOK_BfykpK2ciUFImZI8OONKJJVJ&sz=w200"
"NaCCA_Approved_BK0064","NaCCA/G.42/VOL.8/154","Dagbani Buku Zanti Bisarinsi Shikuriti for JHS 2","Dagbani","Textbook","JHS","Winmat Publishers Ltd.","2025","2026","https://drive.google.com/thumbnail?id=1zxGtdrYKwfOP_RMA0WrDWdZvilgeO8F0&sz=w200"
"NaCCA_Approved_BK0065","NaCCA/G.42/VOL.8/154","Dagbani Buku Zanti Bisarinsi Shikuriti for JHS 3","Dagbani","Textbook","JHS","Winmat Publishers Ltd.","2025","2026","https://drive.google.com/thumbnail?id=1lVh-xPxt1Sg4KjqFXOU0V11Q8Uprf0-a&sz=w200"
"NaCCA_Approved_BK0066","NaCCA/G.42/VOL.8/155","French for JHS 1 FG","French","Textbook","JHS","Winmat Publishers Ltd.","2025","2026","https://drive.google.com/thumbnail?id=1sjWuZmI02V5mBO-91jbNX9HAIOyfozC1&sz=w200"
"NaCCA_Approved_BK0067","NaCCA/G.42/VOL.8/155","French for JHS 2 FG","French","Textbook","JHS","Winmat Publishers Ltd.","2025","2026","https://drive.google.com/thumbnail?id=1Yfyxy3qPirsErYuA2NNlgRZ-27R_CVx1&sz=w200"
"NaCCA_Approved_BK0068","NaCCA/G.42/VOL.8/155","French for JHS 3 FG","French","Textbook","JHS","Winmat Publishers Ltd.","2025","2026","https://drive.google.com/thumbnail?id=1YhygNtXLruZ9v1_TD86Bvbbu5-VfQa-y&sz=w200"
"NaCCA_Approved_BK0069","NaCCA/G.42/VOL.8/156","Ga Wolo Keha Jiniɔ Hai Sukui - JHS 1","Ga","Textbook","JHS","Winmat Publishers Ltd.","2025","2026","https://drive.google.com/thumbnail?id=1QebYUxVd8rXzY5MvRj9Wc3gNMfHY_hQv&sz=w200"
"NaCCA_Approved_BK0070","NaCCA/G.42/VOL.8/156","Ga Wolo Keha Jiniɔ Hai Sukui - JHS 2","Ga","Textbook","JHS","Winmat Publishers Ltd.","2025","2026","https://drive.google.com/thumbnail?id=1KuY_WWvGIlFBKjeg0kEdiuXjr3nkvTWG&sz=w200"
"NaCCA_Approved_BK0071","NaCCA/G.42/VOL.8/156","Ga Wolo Keha Jiniɔ Hai Sukui - JHS 3","Ga","Textbook","JHS","Winmat Publishers Ltd.","2025","2026","https://drive.google.com/thumbnail?id=1ND2J-R5xBBPH84JS4JwU1mEvXs4k_PdL&sz=w200"
"NaCCA_Approved_BK0072","NaCCA/G.42/VOL.8/157","Mathematics for JHS 1 FG","Mathematics","Textbook","JHS","Winmat Publishers Ltd.","2025","2026","https://drive.google.com/thumbnail?id=1kCBPcmQR-keUkRqpQLrFzx39LrXK7VKn&sz=w200"
"NaCCA_Approved_BK0073","NaCCA/G.42/VOL.8/157","Mathematics for JHS 2 FG","Mathematics","Textbook","JHS","Winmat Publishers Ltd.","2025","2026","https://drive.google.com/thumbnail?id=1gc7JPIO42VIFGgpLCETqrdCpMJhjxBRq&sz=w200"
"NaCCA_Approved_BK0074","NaCCA/G.42/VOL.8/157","Mathematics for JHS 3","Mathematics","Textbook","JHS","Winmat Publishers Ltd.","2025","2026","https://drive.google.com/thumbnail?id=1-SZRYvddPiRv0OF-te_OCpskIPq7cQDB&sz=w200"
"NaCCA_Approved_BK0075","NaCCA/G.42/VOL.8/158","Physical Education and Health for JHS 1 FG","PEH","Textbook","JHS","Winmat Publishers Ltd.","2025","2026","https://drive.google.com/thumbnail?id=16Hep2Iex7yClRANJXUZhdzbLMNSD-f5d&sz=w200"
"NaCCA_Approved_BK0076","NaCCA/G.42/VOL.8/158","Physical Education and Health for JHS 2 FG","PEH","Textbook","JHS","Winmat Publishers Ltd.","2025","2026","https://drive.google.com/thumbnail?id=1bTrgVCwJbquL7KcIQZquMCTQSlLn4Y23&sz=w200"
"NaCCA_Approved_BK0077","NaCCA/G.42/VOL.8/158","Physical Education and Health for JHS 3 FG","PEH","Textbook","JHS","Winmat Publishers Ltd.","2025","2026","https://drive.google.com/thumbnail?id=1tbIzehI9VNyBXDG6s2GmfCpsmX7sGC7r&sz=w200"
"NaCCA_Approved_BK0078","NaCCA/G.42/VOL.8/159","Integrated Science for JHS 1","Integrated Science","Textbook","JHS","Winmat Publishers Ltd.","2025","2026","https://drive.google.com/thumbnail?id=1djNKfAjLXJ_xkiPT9B5I6x8ojQz13yc7&sz=w200"
"NaCCA_Approved_BK0079","NaCCA/G.42/VOL.8/159","Integrated Science for JHS 2","Integrated Science","Textbook","JHS","Winmat Publishers Ltd.","2025","2026","https://drive.google.com/thumbnail?id=1nU0d9wN1hEFNcE53b65foqITD2Zrr441&sz=w200"
"NaCCA_Approved_BK0080","NaCCA/G.42/VOL.8/159","Integrated Science for JHS 3","Integrated Science","Textbook","JHS","Winmat Publishers Ltd.","2025","2026","https://drive.google.com/thumbnail?id=10TEt06GNRNDJYeMiC_JcJfyrWGlyOdIo&sz=w200"
"NaCCA_Approved_BK0081","NaCCA/G.42/VOL.8/160","Religious and Moral Education for JHS 1 FG","RME","Textbook","JHS","Winmat Publishers Ltd.","2025","2026","https://drive.google.com/thumbnail?id=13xU_RpCTcjewm_Ncfr3YTsU9EFzr18hf&sz=w200"
"NaCCA_Approved_BK0082","NaCCA/G.42/VOL.8/160","Religious and Moral Education for JHS 2 FG","RME","Textbook","JHS","Winmat Publishers Ltd.","2025","2026","https://drive.google.com/thumbnail?id=1l9kfhqWrh8aaf0r4RF4-QDepuuHXZWcG&sz=w200"
"NaCCA_Approved_BK0083","NaCCA/G.42/VOL.8/160","Religious and Moral Education for JHS 3 FG","RME","Textbook","JHS","Winmat Publishers Ltd.","2025","2026","https://drive.google.com/thumbnail?id=1XHB4A5zo9VFXbc3URe0JbBNPxXqMX0qv&sz=w200"
"NaCCA_Approved_BK0084","NaCCA/G.42/VOL.8/161","Social Studies for JHS 1","Social Studies","Textbook","JHS","Winmat Publishers Ltd.","2025","2026","https://drive.google.com/thumbnail?id=1nVGM6LPPiVlQmyl3_F7fxmbXxjS_jjeo&sz=w200"
"NaCCA_Approved_BK0085","NaCCA/G.42/VOL.8/161","Social Studies for JHS 2","Social Studies","Textbook","JHS","Winmat Publishers Ltd.","2025","2026","https://drive.google.com/thumbnail?id=1vBA3CwY8wOhaho--tUUXrGpolShwlHMF&sz=w200"
"NaCCA_Approved_BK0086","NaCCA/G.42/VOL.8/161","Social Studies for JHS 3","Social Studies","Textbook","JHS","Winmat Publishers Ltd.","2025","2026","https://drive.google.com/thumbnail?id=17-Y138P-KYIGcybOhHwZcGRyCsm3Sesz&sz=w200"
"NaCCA_Approved_BK0087","NaCCA/G.42/Vol.8/178","Kasem ko pae Junia Hae Sikuula – JHS 1","Kasem","Textbook","JHS","Winmat Publishers Ltd.","2025","2026","https://drive.google.com/thumbnail?id=15iO6FUmO11n0AOXpujaOatHQHeA-l1IO&sz=w200"
"NaCCA_Approved_BK0088","NaCCA/G.42/Vol.8/178","Kasem ko pae Junia Hae Sikuula – JHS 2","Kasem","Textbook","JHS","Winmat Publishers Ltd.","2025","2026","https://drive.google.com/thumbnail?id=1gdtD2VKTXAAkrejZTytT7ivYS8Mwgb-W&sz=w200"
"NaCCA_Approved_BK0089","NaCCA/G.42/Vol.8/178","Kasem ko pae Junia Hae Sikuula – JHS 3","Kasem","Textbook","JHS","Winmat Publishers Ltd.","2025","2026","https://drive.google.com/thumbnail?id=1KMFgD15ANw-bWKUsBHCKPl6yX1JAuPPs&sz=w200"
"NaCCA_Approved_BK0090","NaCCA/G.42/Vol.8/178","Kasem ko pae Junia Hae Sikuula – JHS - FG 1","Kasem","Textbook","JHS","Winmat Publishers Ltd.","2025","2026","https://drive.google.com/thumbnail?id=13Bc4brH7bNEx3QPJ2qYvZmFEt9gGJzAG&sz=w200"
"NaCCA_Approved_BK0091","NaCCA/G.42/Vol.8/178","Kasem ko pae Junia Hae Sikuula – JHS - FG 2","Kasem","Textbook","JHS","Winmat Publishers Ltd.","2025","2026","https://drive.google.com/thumbnail?id=1mFuhjz9WGhw2lPJ44SBgGOTuj0QFhr4j&sz=w200"
"NaCCA_Approved_BK0092","NaCCA/G.42/Vol.8/178","Kasem ko pae Junia Hae Sikuula – JHS – FG 3","Kasem","Textbook","JHS","Winmat Publishers Ltd.","2025","2026","https://drive.google.com/thumbnail?id=1Q1oJU3UVBtxxiSz_RJUKa7AVjzmNK0zs&sz=w200"
"NaCCA_Approved_BK0093","NaCCA/G.42/Vol.8/178","Nzema Sukunwiɔkyi Buluku - JHS 1","Nzema","Textbook","JHS","Winmat Publishers Ltd.","2025","2026",""
"NaCCA_Approved_BK0094","NaCCA/G.42/Vol.8/178","Nzema Sukunwiɔkyi Buluku - JHS 2","Nzema","Textbook","JHS","Winmat Publishers Ltd.","2025","2026",""
"NaCCA_Approved_BK0095","NaCCA/G.42/Vol.8/178","Nzema Sukunwiɔkyi Buluku - JHS 3","Nzema","Textbook","JHS","Winmat Publishers Ltd.","2025","2026",""
"NaCCA_Approved_BK0096","NaCCA/G.42/Vol.8/178","Nzema Sukunwiɔkyi Buluku - JHS 1 FG","Nzema","Textbook","JHS","Winmat Publishers Ltd.","2025","2026",""
"NaCCA_Approved_BK0097","NaCCA/G.42/Vol.8/178","Nzema Sukunwiɔkyi Buluku - JHS 2 FG","Nzema","Textbook","JHS","Winmat Publishers Ltd.","2025","2026",""
"NaCCA_Approved_BK0098","NaCCA/G.42/Vol.8/178","Nzema Sukunwiɔkyi Buluku - JHS 3 FG","Nzema","Textbook","JHS","Winmat Publishers Ltd.","2025","2026",""
"NaCCA_Approved_BK0099","NaCCA/G.42/Vol.8/178","Ngbanyato N Sa Junia Hai Sukuru - 1","Gonja","Textbook","JHS","Winmat Publishers Ltd.","2025","2026","https://drive.google.com/thumbnail?id=168HC9aLJ7X6gNYpl7tshmJNs73ORozfG&sz=w200"
"NaCCA_Approved_BK0100","NaCCA/G.42/Vol.8/178","Ngbanyato N Sa Junia Hai Sukuru - 2","Gonja","Textbook","JHS","Winmat Publishers Ltd.","2025","2026","https://drive.google.com/thumbnail?id=1lyblzVLpEJXCOtqboBik7Cvfv2XNAw4T&sz=w200"
"NaCCA_Approved_BK0101","NaCCA/G.42/Vol.8/178","Ngbanyato N Sa Junia Hai Sukuru - 3","Gonja","Textbook","JHS","Winmat Publishers Ltd.","2025","2026","https://drive.google.com/thumbnail?id=1lNuPveFvWCJ2YHlCqIenFu3Keelh3XzR&sz=w200"
"NaCCA_Approved_BK0102","NaCCA/G.42/Vol.8/178","Ngbanyato N Sa Junia Hai Sukuru – FG 1","Gonja","Textbook","JHS","Winmat Publishers Ltd.","2025","2026","https://drive.google.com/thumbnail?id=1J4681lA0li34YfCzqrBjegOlj8hPz4NI&sz=w200"
"NaCCA_Approved_BK0103","NaCCA/G.42/Vol.8/178","Ngbanyato N Sa Junia Hai Sukuru – FG 2","Gonja","Textbook","JHS","Winmat Publishers Ltd.","2025","2026","https://drive.google.com/thumbnail?id=1T0sMRDBtkwkLUG7d8XvRN9sWiVGyMGux&sz=w200"
"NaCCA_Approved_BK0104","NaCCA/G.42/Vol.8/178","Ngbanyato N Sa Junia Hai Sukuru – FG 3","Gonja","Textbook","JHS","Winmat Publishers Ltd.","2025","2026","https://drive.google.com/thumbnail?id=1UjLBp66FdN09Hfg0ojNhVl8D2MOygdsk&sz=w200"
"NaCCA_Approved_BK0105","NaCCA/G.42/Vol.8/178","Mfantse Mbofra Ntoado Skuul Nwoma – JHS 1","Mfantse","Textbook","JHS","Winmat Publishers Ltd.","2025","2026",""
"NaCCA_Approved_BK0106","NaCCA/G.42/Vol.8/178","Mfantse Mbofra Ntoado Skuul Nwoma – JHS 2","Mfantse","Textbook","JHS","Winmat Publishers Ltd.","2025","2026",""
"NaCCA_Approved_BK0107","NaCCA/G.42/Vol.8/178","Mfantse Mbofra Ntoado Skuul Nwoma – JHS 3","Mfantse","Textbook","JHS","Winmat Publishers Ltd.","2025","2026",""
"NaCCA_Approved_BK0108","NaCCA/G.42/Vol.8/178","Mfantse Mbofra Ntoado Skuul Nwoma – JHS – FG 1","Mfantse","Textbook","JHS","Winmat Publishers Ltd.","2025","2026",""
"NaCCA_Approved_BK0109","NaCCA/G.42/Vol.8/178","Mfantse Mbofra Ntoado Skuul Nwoma – JHS – FG 2","Mfantse","Textbook","JHS","Winmat Publishers Ltd.","2025","2026",""
"NaCCA_Approved_BK0110","NaCCA/G.42/Vol.8/178","Mfantse Mbofra Ntoado Skuul Nwoma – JHS – FG 3","Mfantse","Textbook","JHS","Winmat Publishers Ltd.","2025","2026",""
"NaCCA_Approved_BK0111","NaCCA/G.42/Vol.8/180","The Essence of Ghana","Reader","Supplementary","Upper Primary/ JHS/ SHS","MF Production Limited","2025","2026","https://drive.google.com/thumbnail?id=1aPt1oy5ksz6rT5XwNtX1gLBHMePBunc6&sz=w200"
"NaCCA_Approved_BK0112","NaCCA/G.42/VOL.7/099","In Pursuit of the Ghanaian Dream- Presidential Inaugural Addresses in Historical Perspective (Leadership, Vision and Nation-building","Reader","Supplementary","SHS","Write Excellence Ghana Ltd.","2025","2025","https://drive.google.com/thumbnail?id=1QqG1OggFN8YUtG4BQL9MVbulz3Pf_aTk&sz=w200"
"NaCCA_Approved_BK0113","NaCCA/G.42/VOL.7/124","English Reading Made Easy 1","English","Supplementary","KG1","PI SYSTEM","2025","2025",""
"NaCCA_Approved_BK0114","NaCCA/G.42/VOL.7/124","English Reading Made Easy 2","English","Supplementary","KG1","PI SYSTEM","2025","2025",""
"NaCCA_Approved_BK0115","NaCCA/G.42/VOL.7/123","Hands-on Science Resource Manual (JHS 1-3)","Science","Supplementary","JHS","PRACTICAL EDUCATION NETWORK","2025","2025",""
"NaCCA_Approved_BK0116","NaCCA/G.42/VOL.7/024","English Skills for Basic 7","English","Textbook","JHS","KWADWOAN PUBLISHING","2025","2025",""
"NaCCA_Approved_BK0117","NaCCA/G.42/VOL.7/024","English Skills for Basic 9","English","Textbook","JHS","KWADWOAN PUBLISHING","2025","2025",""
"NaCCA_Approved_BK0118","NaCCA/G.42/VOL.7/010","Standard English","English","Supplementary","JHS","Jonas Fiangor Eddah","2024","2025",""
"NaCCA_Approved_BK0119","NaCCA/G.42/VOL.6/099","Change Makers","Readers","Supplementary","JHS","STEP PUBLICATIONS","2025","2025",""
"NaCCA_Approved_BK0120","NaCCA/G.42/VOL.6/100","Computing for Basic Schools (Basic 4)","Computing","Textbook","Upper Primary","KUDUSOFT PUBLICATIONS","2021","2025",""
"NaCCA_Approved_BK0121","NaCCA/G.42/VOL.6/100","Computing for Basic Schools (Basic 4) TG","Computing","Textbook","Upper Primary","KUDUSOFT PUBLICATIONS","2021","2025",""
"NaCCA_Approved_BK0122","NaCCA/G.42/VOL.6/100","Computing for Basic Schools (Basic 5)","Computing","Textbook","Upper Primary","KUDUSOFT PUBLICATIONS","2021","2025",""
"NaCCA_Approved_BK0123","NaCCA/G.42/VOL.6/100","Computing for Basic Schools (Basic 5) TG","Computing","Textbook","Upper Primary","KUDUSOFT PUBLICATIONS","2021","2025",""
"NaCCA_Approved_BK0124","NaCCA/G.42/VOL.6/100","Computing for Basic Schools (Basic 6)","Computing","Textbook","Upper Primary","KUDUSOFT PUBLICATIONS","2021","2025",""
"NaCCA_Approved_BK0125","NaCCA/G.42/VOL.6/100","Computing for Basic Schools (Basic 6) TG","Computing","Textbook","Upper Primary","KUDUSOFT PUBLICATIONS","2021","2025",""
"NaCCA_Approved_BK0126","NaCCA/G.42/VOL.7/121","Paa Joe and Abi","Reader","Supplementary","Kindergarten","K3 Publishing","2024","2025",""
"NaCCA_Approved_BK0127","NaCCA/G.42/VOL.7/122","Kim and Tim","Reader","Supplementary","Kindergarten","K3 Publishing","2024","2025",""
"NaCCA_Approved_BK0128","NaCCA/G.42/VOL.7/084","A Civic Duty","Reader","Supplementary","Primary","K3 Publishing","2023","2025",""
"NaCCA_Approved_BK0129","NaCCA/G.42/VOL.7/007","Mr. Spider","Reader","Supplementary","Primary","K3 Publishing","2023","2025",""
"NaCCA_Approved_BK0130","NaCCA/G.42/VOL.7/008","My Nursery Numeracy Activities 1","Numeracy","Supplementary","Nursery","K3 Publishing","2024","2025",""
"NaCCA_Approved_BK0131","NaCCA/G.42/VOL.7/008","My Nursery Numeracy Activities 2","Numeracy","Supplementary","Nursery","K3 Publishing","2024","2025",""
"NaCCA_Approved_BK0132","NaCCA/G.42/VOL.7/008","My Nursery Literacy Activities 1","Numeracy","Supplementary","Nursery","K3 Publishing","2024","2025",""
"NaCCA_Approved_BK0133","NaCCA/G.42/VOL.7/008","My Nursery Literacy Activities 2","Numeracy","Supplementary","Nursery","K3 Publishing","2024","2025",""
"NaCCA_Approved_BK0134","NaCCA/G.42/VOL.7/055","Letters to Nnaa Naama","Reader","Supplementary","JHS/SHS","Pascaline Kuunzungla Songsore","2021","2025",""
"NaCCA_Approved_BK0135","NaCCA/G.42/VOL.7/055","Endless Rhythms","Reader","Supplementary","JHS/ SHS","Diana Maku Wussah","2024","2025",""
"NaCCA_Approved_BK0136","NaCCA/G.42/VOL.7/009","Missing Babies","Reader","Supplementary","Primary","Highpoint Publications","2023","2025",""
"NaCCA_Approved_BK0137","NaCCA/G.42/VOL.7/009","The Bad Helper","Reader","Supplementary","Primary","Highpoint Publications","2023","2025",""
"NaCCA_Approved_BK0138","NaCCA/G.42/VOL.7/011","Madam High Heel","Reader","Supplementary","JHS/SHS","Mountype Publishing Ltd.","2019","2025",""
"NaCCA_Approved_BK0139","NaCCA/G.42/VOL.7/012","Easy Way Phonetics Everybody Can Read Well","English","Supplementary","Upper Primary/ JHS","Easy Way Publications","2021","2025",""
"NaCCA_Approved_BK0140","NaCCA/G.42/VOL.7/012","Easy Way School Music - Learning Through Songs Makes Schooling Very Interesting","English","Supplementary","Upper Primary/ JHS","Easy Way Publications","2018","2025",""
"NaCCA_Approved_BK0141","NaCCA/G.42/VOL.7/012","Easy Way Storybook for Improving Pupils' Reading Skills","English","Supplementary","Upper Primary/ JHS","Easy Way Publications","2016","2025",""
"NaCCA_Approved_BK0142","NaCCA/G.42/VOL.7/013","Ma Yensua Akuapem Twi (Kasa ne Amanne) 4","Akuapem Twi","Textbook","Upper Primary","Red Oak Limited","2021","2025",""
"NaCCA_Approved_BK0143","NaCCA/G.42/VOL.7/013","Ma Yensua Akuapem Twi (Kasa ne Amanne) 4 TG","Akuapem Twi","Textbook","Upper Primary","Red Oak Limited","2021","2025",""
"NaCCA_Approved_BK0144","NaCCA/G.42/VOL.7/013","Ma Yensua Akuapem Twi (Kasa ne Amanne) 5","Akuapem Twi","Textbook","Upper Primary","Red Oak Limited","2021","2025",""
"NaCCA_Approved_BK0145","NaCCA/G.42/VOL.7/013","Ma Yensua Akuapem Twi (Kasa ne Amanne) 5 TG","Akuapem Twi","Textbook","Upper Primary","Red Oak Limited","2021","2025",""
"NaCCA_Approved_BK0146","NaCCA/G.42/VOL.7/013","Ma Yensua Akuapem Twi (Kasa ne Amanne) 6","Akuapem Twi","Textbook","Upper Primary","Red Oak Limited","2021","2025",""
"NaCCA_Approved_BK0147","NaCCA/G.42/VOL.7/013","Ma Yensua Akuapem Twi (Kasa ne Amanne) 6 TG","Akuapem Twi","Textbook","Upper Primary","Red Oak Limited","2021","2025",""
"NaCCA_Approved_BK0148","NaCCA/G.42/VOL.7/014","Creative Arts and Design for JHS Basic 7","Creative Arts","Textbook","JHS","Masterman Publications Limited","2022","2025",""
"NaCCA_Approved_BK0149","NaCCA/G.42/VOL.7/014","Creative Arts and Design TG for JHS Basic 7","Creative Arts","Textbook","JHS","Masterman Publications Limited","2023","2025",""
"NaCCA_Approved_BK0150","NaCCA/G.42/VOL.7/014","Creative Arts and Design for JHS Basic 8","Creative Arts","Textbook","JHS","Masterman Publications Limited","2022","2025",""
"NaCCA_Approved_BK0151","NaCCA/G.42/VOL.7/014","Creative Arts and Design TG for JHS Basic 8","Creative Arts","Textbook","JHS","Masterman Publications Limited","2023","2025",""
"NaCCA_Approved_BK0152","NaCCA/G.42/VOL.7/014","Creative Arts and Design for JHS Basic 9","Creative Arts","Textbook","JHS","Masterman Publications Limited","2023","2025",""
"NaCCA_Approved_BK0153","NaCCA/G.42/VOL.7/014","Creative Arts and Design for JHS Basic 9","Creative Arts","Textbook","JHS","Masterman Publications Limited","2023","2025",""
"NaCCA_Approved_BK0154","NaCCA/G.42/VOL.7/015","Concise Social Studies for JHS Basic 7","Social Studies","Textbook","JHS","Masterman Publications Limited","2022","2025",""
"NaCCA_Approved_BK0155","NaCCA/G.42/VOL.7/015","Concise Social Studies TG for JHS Basic 7","Social Studies","Textbook","JHS","Masterman Publications Limited","2023","2025",""
"NaCCA_Approved_BK0156","NaCCA/G.42/VOL.7/015","Concise Social Studies for JHS Basic 8","Social Studies","Textbook","JHS","Masterman Publications Limited","2022","2025",""
"NaCCA_Approved_BK0157","NaCCA/G.42/VOL.7/015","Concise Social Studies TG for JHS Basic 8","Social Studies","Textbook","JHS","Masterman Publications Limited","2023","2025",""
"NaCCA_Approved_BK0158","NaCCA/G.42/VOL.7/015","Concise Social Studies for JHS Basic 9","Social Studies","Textbook","JHS","Masterman Publications Limited","2022","2025",""
"NaCCA_Approved_BK0159","NaCCA/G.42/VOL.7/015","Concise Social Studies TG for JHS Basic 9","Social Studies","Textbook","JHS","Masterman Publications Limited","2023","2025",""
"NaCCA_Approved_BK0160","NaCCA/G.42/VOL.7/016","Religious and Moral Education for JHS Basic 7","Religious and Moral Education","Textbook","JHS","Masterman Publications Limited","2022","2025",""
"NaCCA_Approved_BK0161","NaCCA/G.42/VOL.7/016","Religious and Moral Education TG for JHS Basic 7","Religious and Moral Education","Textbook","JHS","Masterman Publications Limited","2022","2025",""
"NaCCA_Approved_BK0162","NaCCA/G.42/VOL.7/016","Religious and Moral Education for JHS Basic 8","Religious and Moral Education","Textbook","JHS","Masterman Publications Limited","2022","2025",""
"NaCCA_Approved_BK0163","NaCCA/G.42/VOL.7/016","Religious and Moral Education TG for JHS Basic 8","Religious and Moral Education","Textbook","JHS","Masterman Publications Limited","2022","2025",""
"NaCCA_Approved_BK0164","NaCCA/G.42/VOL.7/016","Religious and Moral Education for JHS 3","Religious and Moral Education","Textbook","JHS","Masterman Publications Limited","2023","2025",""
"NaCCA_Approved_BK0165","NaCCA/G.42/VOL.7/016","Religious and Moral Education for JHS 3 TG","Religious and Moral Education","Textbook","JHS","Masterman Publications Limited","2023","2025",""
"NaCCA_Approved_BK0166","NaCCA/G.42/VOL.7/017","Functional Mathematics for JHS Basic 7","Mathematics","Textbook","JHS","Masterman Publications Limited","2022","2025",""
"NaCCA_Approved_BK0167","NaCCA/G.42/VOL.7/017","Functional Mathematics for JHS Basic 7 TG","Mathematics","Textbook","JHS","Masterman Publications Limited","2024","2025",""
"NaCCA_Approved_BK0168","NaCCA/G.42/VOL.7/017","Functional Mathematics for JHS Basic 8","Mathematics","Textbook","JHS","Masterman Publications Limited","2022","2025",""
"NaCCA_Approved_BK0169","NaCCA/G.42/VOL.7/017","Functional Mathematics for JHS Basic 8 TG","Mathematics","Textbook","JHS","Masterman Publications Limited","2022","2025",""
"NaCCA_Approved_BK0170","NaCCA/G.42/VOL.7/017","Functional Mathematics for JHS Basic 9","Mathematics","Textbook","JHS","Masterman Publications Limited","2022","2025",""
"NaCCA_Approved_BK0171","NaCCA/G.42/VOL.7/017","Functional Mathematics for JHS Basic 9 TG","Mathematics","Textbook","JHS","Masterman Publications Limited","2022","2025",""
"NaCCA_Approved_BK0172","NaCCA/G.42/VOL.7/018","Expressive Creative Arts L/B 1","Creative Arts","Textbook","Primary","Masterman Publications Limited","2022","2025",""
"NaCCA_Approved_BK0173","NaCCA/G.42/VOL.7/018","Expressive Creative Arts T/G 1","Creative Arts","Textbook","Primary","Masterman Publications Limited","2024","2025",""
"NaCCA_Approved_BK0174","NaCCA/G.42/VOL.7/018","Expressive Creative Arts L/B 2","Creative Arts","Textbook","Primary","Masterman Publications Limited","2022","2025",""
"NaCCA_Approved_BK0175","NaCCA/G.42/VOL.7/018","Expressive Creative Arts T/G 2","Creative Arts","Textbook","Primary","Masterman Publications Limited","2024","2025",""
"NaCCA_Approved_BK0176","NaCCA/G.42/VOL.7/018","Expressive Creative Arts L/B 3","Creative Arts","Textbook","Primary","Masterman Publications Limited","2022","2025",""
"NaCCA_Approved_BK0177","NaCCA/G.42/VOL.7/018","Expressive Creative Arts T/G 3","Creative Arts","Textbook","Primary","Masterman Publications Limited","2024","2025",""
"NaCCA_Approved_BK0178","NaCCA/G.42/VOL.7/018","Expressive Creative Arts L/B 4","Creative Arts","Textbook","Primary","Masterman Publications Limited","2022","2025",""
"NaCCA_Approved_BK0179","NaCCA/G.42/VOL.7/018","Expressive Creative Arts T/G 4","Creative Arts","Textbook","Primary","Masterman Publications Limited","2024","2025",""
"NaCCA_Approved_BK0180","NaCCA/G.42/VOL.7/018","Expressive Creative Arts L/B 5","Creative Arts","Textbook","Primary","Masterman Publications Limited","2022","2025",""
"NaCCA_Approved_BK0181","NaCCA/G.42/VOL.7/018","Expressive Creative Arts T/G 5","Creative Arts","Textbook","Primary","Masterman Publications Limited","2024","2025",""
"NaCCA_Approved_BK0182","NaCCA/G.42/VOL.7/018","Expressive Creative Arts L/B 6","Creative Arts","Textbook","Primary","Masterman Publications Limited","2022","2025",""
"NaCCA_Approved_BK0183","NaCCA/G.42/VOL.7/018","Expressive Creative Arts T/G 6","Creative Arts","Textbook","Primary","Masterman Publications Limited","2024","2025",""
"NaCCA_Approved_BK0184","NaCCA/G.42/VOL.7/019","Interactive English Language for JHS Basic 7","English","Textbook","JHS","Masterman Publications Limited","2020","2025",""
"NaCCA_Approved_BK0185","NaCCA/G.42/VOL.7/019","Interactive English Language TG for JHS Basic 7","English","Textbook","JHS","Masterman Publications Limited","2023","2025",""
"NaCCA_Approved_BK0186","NaCCA/G.42/VOL.7/019","Interactive English Language for JHS Basic 8","English","Textbook","JHS","Masterman Publications Limited","2020","2025",""
"NaCCA_Approved_BK0187","NaCCA/G.42/VOL.7/019","Interactive English Language TG for JHS Basic 8","English","Textbook","JHS","Masterman Publications Limited","2023","2025",""
"NaCCA_Approved_BK0188","NaCCA/G.42/VOL.7/019","Interactive English Language for JHS Basic 9","English","Textbook","JHS","Masterman Publications Limited","2023","2025",""
"NaCCA_Approved_BK0189","NaCCA/G.42/VOL.7/019","Interactive English Language for TG JHS Basic 9","English","Textbook","JHS","Masterman Publications Limited","2023","2025",""
"NaCCA_Approved_BK0190","NaCCA/G.42/VOL.7/020","Career Technology for JHS Basic 7","Career Technology","Textbook","JHS","Masterman Publications Limited","2022","2025",""
"NaCCA_Approved_BK0191","NaCCA/G.42/VOL.7/020","Career Technology TG for JHS Basic 7","Career Technology","Textbook","JHS","Masterman Publications Limited","2023","2025",""
"NaCCA_Approved_BK0192","NaCCA/G.42/VOL.7/020","Career Technology for JHS Basic 8","Career Technology","Textbook","JHS","Masterman Publications Limited","2023","2025",""
"NaCCA_Approved_BK0193","NaCCA/G.42/VOL.7/020","Career Technology TG for JHS Basic 8","Career Technology","Textbook","JHS","Masterman Publications Limited","2023","2025",""
"NaCCA_Approved_BK0194","NaCCA/G.42/VOL.7/020","Career Technology for JHS Basic 9","Career Technology","Textbook","JHS","Masterman Publications Limited","2023","2025",""
"NaCCA_Approved_BK0195","NaCCA/G.42/VOL.7/020","Career Technology TG for JHS Basic 9","Career Technology","Textbook","JHS","Masterman Publications Limited","2023","2025",""
"NaCCA_Approved_BK0196","NaCCA/G.42/VOL.7/021","New Age Science for Basic 4","Science","Textbook","Primary","Masterman Publications Limited","2020","2025",""
"NaCCA_Approved_BK0197","NaCCA/G.42/VOL.7/021","New Age Science for Basic 4 TG","Science","Textbook","Primary","Masterman Publications Limited","2020","2025",""
"NaCCA_Approved_BK0198","NaCCA/G.42/VOL.7/021","New Age Science for Basic 4 Workbook","Science","Textbook","Primary","Masterman Publications Limited","2018","2025",""
"NaCCA_Approved_BK0199","NaCCA/G.42/VOL.7/021","New Age Science for Basic 5","Science","Textbook","Primary","Masterman Publications Limited","2020","2025",""
"NaCCA_Approved_BK0200","NaCCA/G.42/VOL.7/021","New Age Science for Basic 5 TG","Science","Textbook","Primary","Masterman Publications Limited","2020","2025",""
"NaCCA_Approved_BK0201","NaCCA/G.42/VOL.7/021","New Age Science for Basic 5 Workbook","Science","Textbook","Primary","Masterman Publications Limited","2018","2025",""
"NaCCA_Approved_BK0202","NaCCA/G.42/VOL.7/021","New Age Science for Basic 6","Science","Textbook","Primary","Masterman Publications Limited","2020","2025",""
"NaCCA_Approved_BK0203","NaCCA/G.42/VOL.7/021","New Age Science for Basic 6 TG","Science","Textbook","Primary","Masterman Publications Limited","2020","2025",""
"NaCCA_Approved_BK0204","NaCCA/G.42/VOL.7/021","New Age Science for Basic 6 Workbook","Science","Textbook","Primary","Masterman Publications Limited","2018","2025",""
"NaCCA_Approved_BK0205","NaCCA/G.42/VOL.7/022","Contemporary Science for JHS Basic 7","Science","Textbook","JHS","Masterman Publications Limited","2016","2025",""
"NaCCA_Approved_BK0206","NaCCA/G.42/VOL.7/022","Contemporary Science TG for JHS Basic 7","Science","Textbook","JHS","Masterman Publications Limited","2016","2025",""
"NaCCA_Approved_BK0207","NaCCA/G.42/VOL.7/022","Contemporary Science for JHS Basic 8","Science","Textbook","JHS","Masterman Publications Limited","2022","2025",""
"NaCCA_Approved_BK0208","NaCCA/G.42/VOL.7/022","Contemporary Science TG for JHS Basic 8","Science","Textbook","JHS","Masterman Publications Limited","2016","2025",""
"NaCCA_Approved_BK0209","NaCCA/G.42/VOL.7/022","Contemporary Science for JHS Basic 9","Science","Textbook","JHS","Masterman Publications Limited","2022","2025",""
"NaCCA_Approved_BK0210","NaCCA/G.42/VOL.7/022","Contemporary Science TG for JHS Basic 9","Science","Textbook","JHS","Masterman Publications Limited","2016","2025",""
"NaCCA_Approved_BK0211","NaCCA/G.42/VOL.7/025","Activities in Our World and Our People for KG 1","OWOP","Textbook","Kindergarten","Masterman Publications Limited","2020","2025",""
"NaCCA_Approved_BK0212","NaCCA/G.42/VOL.7/025","Activities in Our World and Our People for KG 1 TG","OWOP","Textbook","Kindergarten","Masterman Publications Limited","2020","2025",""
"NaCCA_Approved_BK0213","NaCCA/G.42/VOL.7/025","Activities in Our World and Our People for KG 2","OWOP","Textbook","Kindergarten","Masterman Publications Limited","2020","2025",""
"NaCCA_Approved_BK0214","NaCCA/G.42/VOL.7/025","Activities in Our World and Our People for KG 2 TG","OWOP","Textbook","Kindergarten","Masterman Publications Limited","2020","2025",""
"NaCCA_Approved_BK0215","NaCCA/G.42/VOL.7/026","Activities in Creative Arts for KG 1","Creative Arts","Textbook","Kindergarten","Masterman Publications Limited","2020","2025",""
"NaCCA_Approved_BK0216","NaCCA/G.42/VOL.7/026","Activities in Creative Arts for KG 1 TG","Creative Arts","Textbook","Kindergarten","Masterman Publications Limited","2020","2025",""
"NaCCA_Approved_BK0217","NaCCA/G.42/VOL.7/026","Activities in Creative Arts for KG 2","Creative Arts","Textbook","Kindergarten","Masterman Publications Limited","2020","2025",""
"NaCCA_Approved_BK0218","NaCCA/G.42/VOL.7/026","Activities in Creative Arts for KG 2 TG","Creative Arts","Textbook","Kindergarten","Masterman Publications Limited","2020","2025",""
"NaCCA_Approved_BK0219","NaCCA/G.42/VOL.7/035","Essential Writing Skills- Primary 1","Literacy","Supplementary","Primary","NNF Esquire Limited","2024","2025",""
"NaCCA_Approved_BK0220","NaCCA/G.42/VOL.7/035","Essential Writing Skills- Primary 2","Literacy","Supplementary","Primary","NNF Esquire Limited","2024","2025",""
"NaCCA_Approved_BK0221","NaCCA/G.42/VOL.7/035","Essential Writing Skills- Primary 3","Literacy","Supplementary","Primary","NNF Esquire Limited","2024","2025",""
"NaCCA_Approved_BK0222","NaCCA/G.42/VOL.7/035","Essential Writing Skills- Primary 4","Literacy","Supplementary","Primary","NNF Esquire Limited","2024","2025",""
"NaCCA_Approved_BK0223","NaCCA/G.42/VOL.7/035","Essential Writing Skills- Primary 5","Literacy","Supplementary","Primary","NNF Esquire Limited","2024","2025",""
"NaCCA_Approved_BK0224","NaCCA/G.42/VOL.7/035","Essential Writing Skills- Primary 6","Literacy","Supplementary","Primary","NNF Esquire Limited","2024","2025",""
"NaCCA_Approved_BK0225","NaCCA/G.42/VOL.7/037","Evegbe soso na dzunio suku kokowo 7","Evegbe","Textbook","JHS","Masterman Publications Limited","2022","2025",""
"NaCCA_Approved_BK0226","NaCCA/G.42/VOL.7/037","Evegbe soso na dzunio suku kokowo 7 TG","Evegbe","Textbook","JHS","Masterman Publications Limited","2023","2025",""
"NaCCA_Approved_BK0227","NaCCA/G.42/VOL.7/037","Evegbe soso na dzunio suku kokowo 8","Evegbe","Textbook","JHS","Masterman Publications Limited","2022","2025",""
"NaCCA_Approved_BK0228","NaCCA/G.42/VOL.7/037","Evegbe soso na dzunio suku kokowo 8 TG","Evegbe","Textbook","JHS","Masterman Publications Limited","2022","2025",""
"NaCCA_Approved_BK0229","NaCCA/G.42/VOL.7/037","Evegbe soso na dzunio suku kokowo 9","Evegbe","Textbook","JHS","Masterman Publications Limited","2023","2025",""
"NaCCA_Approved_BK0230","NaCCA/G.42/VOL.7/037","Evegbe soso na dzunio suku kokowo 9 TG","Evegbe","Textbook","JHS","Masterman Publications Limited","2023","2025",""
"NaCCA_Approved_BK0231","NaCCA/G.42/VOL.7/038","Nyimdzee Ahy3se Basic 7","Mfantse","Textbook","JHS","Masterman Publications Limited","2022","2025",""
"NaCCA_Approved_BK0232","NaCCA/G.42/VOL.7/038","Nyimdzee Ahy3se Basic 7 TG","Mfantse","Textbook","JHS","Masterman Publications Limited","2023","2025",""
"NaCCA_Approved_BK0233","NaCCA/G.42/VOL.7/038","Nyimdzee Ahy3se Basic 8","Mfantse","Textbook","JHS","Masterman Publications Limited","2022","2025",""
"NaCCA_Approved_BK0234","NaCCA/G.42/VOL.7/038","Nyimdzee Ahy3se Basic 8 TG","Mfantse","Textbook","JHS","Masterman Publications Limited","2023","2025",""
"NaCCA_Approved_BK0235","NaCCA/G.42/VOL.7/038","Nyimdzee Ahy3se Basic 9","Mfantse","Textbook","JHS","Masterman Publications Limited","2023","2025",""
"NaCCA_Approved_BK0236","NaCCA/G.42/VOL.7/038","Nyimdzee Ahy3se Basic 9 TG","Mfantse","Textbook","JHS","Masterman Publications Limited","2023","2025",""
"NaCCA_Approved_BK0237","NaCCA/G.42/VOL.7/124","English Reading Made Easy 1","English","Supplementary","KG1","PI SYSTEM","2025","2025",""
"NaCCA_Approved_BK0238","NaCCA/G.42/VOL.7/124","English Reading Made Easy 2","English","Supplementary","KG1","PI SYSTEM","2025","2025",""
"NaCCA_Approved_BK0239","NaCCA/G.42/VOL.7/123","Hands-on Science Resource Manual (JHS 1-3)","Science","Supplementary","JHS","PRACTICAL EDUCATION NETWORK","2025","2025",""
"NaCCA_Approved_BK0240","NaCCA/G.42/VOL.7/024","English Skills for Basic 7","English","Textbook","JHS","KWADWOAN PUBLISHING","2025","2025",""
"NaCCA_Approved_BK0241","NaCCA/G.42/VOL.7/024","English Skills for Basic 9","English","Textbook","JHS","KWADWOAN PUBLISHING","2025","2025",""
"NaCCA_Approved_BK0242","NaCCA/G.42/VOL.7/010","Standard English","English","Supplementary","JHS","Jonas Fiangor Eddah","2024","2025",""
"NaCCA_Approved_BK0243","NaCCA/G.42/VOL.6/099","Change Makers","Readers","Supplementary","JHS","STEP PUBLICATIONS","2025","2025",""
"NaCCA_Approved_BK0244","NaCCA/G.42/VOL.6/100","Computing for Basic Schools (Basic 4)","Computing","Textbook","Upper Primary","KUDUSOFT PUBLICATIONS","2021","2025",""
"NaCCA_Approved_BK0245","NaCCA/G.42/VOL.6/100","Computing for Basic Schools (Basic 4) TG","Computing","Textbook","Upper Primary","KUDUSOFT PUBLICATIONS","2021","2025",""
"NaCCA_Approved_BK0246","NaCCA/G.42/VOL.6/100","Computing for Basic Schools (Basic 5)","Computing","Textbook","Upper Primary","KUDUSOFT PUBLICATIONS","2021","2025",""
"NaCCA_Approved_BK0247","NaCCA/G.42/VOL.6/100","Computing for Basic Schools (Basic 5) TG","Computing","Textbook","Upper Primary","KUDUSOFT PUBLICATIONS","2021","2025",""
"NaCCA_Approved_BK0248","NaCCA/G.42/VOL.6/100","Computing for Basic Schools (Basic 6)","Computing","Textbook","Upper Primary","KUDUSOFT PUBLICATIONS","2021","2025",""
"NaCCA_Approved_BK0249","NaCCA/G.42/VOL.6/100","Computing for Basic Schools (Basic 6) TG","Computing","Textbook","Upper Primary","KUDUSOFT PUBLICATIONS","2021","2025",""
"NaCCA_Approved_BK0250","NaCCA/G.42/VOL.7/121","Paa Joe and Abi","Reader","Supplementary","Kindergarten","K3 Publishing","2024","2025",""
"NaCCA_Approved_BK0251","NaCCA/G.42/VOL.7/122","Kim and Tim","Reader","Supplementary","Kindergarten","K3 Publishing","2024","2025",""
"NaCCA_Approved_BK0252","NaCCA/G.42/VOL.7/084","A Civic Duty","Reader","Supplementary","Primary","K3 Publishing","2023","2025",""
"NaCCA_Approved_BK0253","NaCCA/G.42/VOL.7/007","Mr. Spider","Reader","Supplementary","Primary","K3 Publishing","2023","2025",""
"NaCCA_Approved_BK0254","NaCCA/G.42/VOL.7/008","My Nursery Numeracy Activities 1","Numeracy","Supplementary","Nursery","K3 Publishing","2024","2025",""
"NaCCA_Approved_BK0255","NaCCA/G.42/VOL.7/008","My Nursery Numeracy Activities 2","Numeracy","Supplementary","Nursery","K3 Publishing","2024","2025",""
"NaCCA_Approved_BK0256","NaCCA/G.42/VOL.7/008","My Nursery Literacy Activities 1","Numeracy","Supplementary","Nursery","K3 Publishing","2024","2025",""
"NaCCA_Approved_BK0257","NaCCA/G.42/VOL.7/008","My Nursery Literacy Activities 2","Numeracy","Supplementary","Nursery","K3 Publishing","2024","2025",""
"NaCCA_Approved_BK0258","NaCCA/G.42/VOL.7/055","Letters to Nnaa Naama","Reader","Supplementary","JHS/SHS","Pascaline Kuunzungla Songsore","2021","2025",""
"NaCCA_Approved_BK0259","NaCCA/G.42/VOL.7/055","Endless Rhythms","Reader","Supplementary","JHS/ SHS","Diana Maku Wussah","2024","2025",""
"NaCCA_Approved_BK0260","NaCCA/G.42/VOL.7/009","Missing Babies","Reader","Supplementary","Primary","Highpoint Publications","2023","2025",""
"NaCCA_Approved_BK0261","NaCCA/G.42/VOL.7/009","The Bad Helper","Reader","Supplementary","Primary","Highpoint Publications","2023","2025",""
"NaCCA_Approved_BK0262","NaCCA/G.42/VOL.7/011","Madam High Heel","Reader","Supplementary","JHS/SHS","Mountype Publishing Ltd.","2019","2025",""
"NaCCA_Approved_BK0263","NaCCA/G.42/VOL.7/012","Easy Way Phonetics Everybody Can Read Well","English","Supplementary","Upper Primary/ JHS","Easy Way Publications","2021","2025",""
"NaCCA_Approved_BK0264","NaCCA/G.42/VOL.7/012","Easy Way School Music - Learning Through Songs Makes Schooling Very Interesting","English","Supplementary","Upper Primary/ JHS","Easy Way Publications","2018","2025",""
"NaCCA_Approved_BK0265","NaCCA/G.42/VOL.7/012","Easy Way Storybook for Improving Pupils' Reading Skills","English","Supplementary","Upper Primary/ JHS","Easy Way Publications","2016","2025",""
"NaCCA_Approved_BK0266","NaCCA/G.42/VOL.7/013","Ma Yensua Akuapem Twi (Kasa ne Amanne) 4","Akuapem Twi","Textbook","Upper Primary","Red Oak Limited","2021","2025",""
"NaCCA_Approved_BK0267","NaCCA/G.42/VOL.7/013","Ma Yensua Akuapem Twi (Kasa ne Amanne) 4 TG","Akuapem Twi","Textbook","Upper Primary","Red Oak Limited","2021","2025",""
"NaCCA_Approved_BK0268","NaCCA/G.42/VOL.7/013","Ma Yensua Akuapem Twi (Kasa ne Amanne) 5","Akuapem Twi","Textbook","Upper Primary","Red Oak Limited","2021","2025",""
"NaCCA_Approved_BK0269","NaCCA/G.42/VOL.7/013","Ma Yensua Akuapem Twi (Kasa ne Amanne) 5 TG","Akuapem Twi","Textbook","Upper Primary","Red Oak Limited","2021","2025",""
"NaCCA_Approved_BK0270","NaCCA/G.42/VOL.7/013","Ma Yensua Akuapem Twi (Kasa ne Amanne) 6","Akuapem Twi","Textbook","Upper Primary","Red Oak Limited","2021","2025",""
"NaCCA_Approved_BK0271","NaCCA/G.42/VOL.7/013","Ma Yensua Akuapem Twi (Kasa ne Amanne) 6 TG","Akuapem Twi","Textbook","Upper Primary","Red Oak Limited","2021","2025",""
"NaCCA_Approved_BK0272","NaCCA/G.42/VOL.7/014","Creative Arts and Design for JHS Basic 7","Creative Arts","Textbook","JHS","Masterman Publications Limited","2022","2025",""
"NaCCA_Approved_BK0273","NaCCA/G.42/VOL.7/014","Creative Arts and Design TG for JHS Basic 7","Creative Arts","Textbook","JHS","Masterman Publications Limited","2023","2025",""
"NaCCA_Approved_BK0274","NaCCA/G.42/VOL.7/014","Creative Arts and Design for JHS Basic 8","Creative Arts","Textbook","JHS","Masterman Publications Limited","2022","2025",""
"NaCCA_Approved_BK0275","NaCCA/G.42/VOL.7/014","Creative Arts and Design TG for JHS Basic 8","Creative Arts","Textbook","JHS","Masterman Publications Limited","2023","2025",""
"NaCCA_Approved_BK0276","NaCCA/G.42/VOL.7/014","Creative Arts and Design for JHS Basic 9","Creative Arts","Textbook","JHS","Masterman Publications Limited","2023","2025",""
"NaCCA_Approved_BK0277","NaCCA/G.42/VOL.7/014","Creative Arts and Design for JHS Basic 9","Creative Arts","Textbook","JHS","Masterman Publications Limited","2023","2025",""
"NaCCA_Approved_BK0278","NaCCA/G.42/VOL.7/015","Concise Social Studies for JHS Basic 7","Social Studies","Textbook","JHS","Masterman Publications Limited","2022","2025",""
"NaCCA_Approved_BK0279","NaCCA/G.42/VOL.7/015","Concise Social Studies TG for JHS Basic 7","Social Studies","Textbook","JHS","Masterman Publications Limited","2023","2025",""
"NaCCA_Approved_BK0280","NaCCA/G.42/VOL.7/015","Concise Social Studies for JHS Basic 8","Social Studies","Textbook","JHS","Masterman Publications Limited","2022","2025",""
"NaCCA_Approved_BK0281","NaCCA/G.42/VOL.7/015","Concise Social Studies TG for JHS Basic 8","Social Studies","Textbook","JHS","Masterman Publications Limited","2023","2025",""
"NaCCA_Approved_BK0282","NaCCA/G.42/VOL.7/015","Concise Social Studies for JHS Basic 9","Social Studies","Textbook","JHS","Masterman Publications Limited","2022","2025",""
"NaCCA_Approved_BK0283","NaCCA/G.42/VOL.7/015","Concise Social Studies TG for JHS Basic 9","Social Studies","Textbook","JHS","Masterman Publications Limited","2023","2025",""
"NaCCA_Approved_BK0284","NaCCA/G.42/VOL.7/016","Religious and Moral Education for JHS Basic 7","Religious and Moral Education","Textbook","JHS","Masterman Publications Limited","2022","2025",""
"NaCCA_Approved_BK0285","NaCCA/G.42/VOL.7/016","Religious and Moral Education TG for JHS Basic 7","Religious and Moral Education","Textbook","JHS","Masterman Publications Limited","2022","2025",""
"NaCCA_Approved_BK0286","NaCCA/G.42/VOL.7/016","Religious and Moral Education for JHS Basic 8","Religious and Moral Education","Textbook","JHS","Masterman Publications Limited","2022","2025",""
"NaCCA_Approved_BK0287","NaCCA/G.42/VOL.7/016","Religious and Moral Education TG for JHS Basic 8","Religious and Moral Education","Textbook","JHS","Masterman Publications Limited","2022","2025",""
"NaCCA_Approved_BK0288","NaCCA/G.42/VOL.7/016","Religious and Moral Education for JHS 3","Religious and Moral Education","Textbook","JHS","Masterman Publications Limited","2023","2025",""
"NaCCA_Approved_BK0289","NaCCA/G.42/VOL.7/016","Religious and Moral Education for JHS 3 TG","Religious and Moral Education","Textbook","JHS","Masterman Publications Limited","2023","2025",""
"NaCCA_Approved_BK0290","NaCCA/G.42/VOL.7/017","Functional Mathematics for JHS Basic 7","Mathematics","Textbook","JHS","Masterman Publications Limited","2022","2025",""
"NaCCA_Approved_BK0291","NaCCA/G.42/VOL.7/017","Functional Mathematics for JHS Basic 7 TG","Mathematics","Textbook","JHS","Masterman Publications Limited","2024","2025",""
"NaCCA_Approved_BK0292","NaCCA/G.42/VOL.7/017","Functional Mathematics for JHS Basic 8","Mathematics","Textbook","JHS","Masterman Publications Limited","2022","2025",""
"NaCCA_Approved_BK0293","NaCCA/G.42/VOL.7/017","Functional Mathematics for JHS Basic 8 TG","Mathematics","Textbook","JHS","Masterman Publications Limited","2022","2025",""
"NaCCA_Approved_BK0294","NaCCA/G.42/VOL.7/017","Functional Mathematics for JHS Basic 9","Mathematics","Textbook","JHS","Masterman Publications Limited","2022","2025",""
"NaCCA_Approved_BK0295","NaCCA/G.42/VOL.7/017","Functional Mathematics for JHS Basic 9 TG","Mathematics","Textbook","JHS","Masterman Publications Limited","2022","2025",""
"NaCCA_Approved_BK0296","NaCCA/G.42/VOL.7/018","Expressive Creative Arts L/B 1","Creative Arts","Textbook","Primary","Masterman Publications Limited","2022","2025",""
"NaCCA_Approved_BK0297","NaCCA/G.42/VOL.7/018","Expressive Creative Arts T/G 1","Creative Arts","Textbook","Primary","Masterman Publications Limited","2024","2025",""
"NaCCA_Approved_BK0298","NaCCA/G.42/VOL.7/018","Expressive Creative Arts L/B 2","Creative Arts","Textbook","Primary","Masterman Publications Limited","2022","2025",""
"NaCCA_Approved_BK0299","NaCCA/G.42/VOL.7/018","Expressive Creative Arts T/G 2","Creative Arts","Textbook","Primary","Masterman Publications Limited","2024","2025",""
"NaCCA_Approved_BK0300","NaCCA/G.42/VOL.7/018","Expressive Creative Arts L/B 3","Creative Arts","Textbook","Primary","Masterman Publications Limited","2022","2025",""
"NaCCA_Approved_BK0301","NaCCA/G.42/VOL.7/018","Expressive Creative Arts T/G 3","Creative Arts","Textbook","Primary","Masterman Publications Limited","2024","2025",""
"NaCCA_Approved_BK0302","NaCCA/G.42/VOL.7/018","Expressive Creative Arts L/B 4","Creative Arts","Textbook","Primary","Masterman Publications Limited","2022","2025",""
"NaCCA_Approved_BK0303","NaCCA/G.42/VOL.7/018","Expressive Creative Arts T/G 4","Creative Arts","Textbook","Primary","Masterman Publications Limited","2024","2025",""
"NaCCA_Approved_BK0304","NaCCA/G.42/VOL.7/018","Expressive Creative Arts L/B 5","Creative Arts","Textbook","Primary","Masterman Publications Limited","2022","2025",""
"NaCCA_Approved_BK0305","NaCCA/G.42/VOL.7/018","Expressive Creative Arts T/G 5","Creative Arts","Textbook","Primary","Masterman Publications Limited","2024","2025",""
"NaCCA_Approved_BK0306","NaCCA/G.42/VOL.7/018","Expressive Creative Arts L/B 6","Creative Arts","Textbook","Primary","Masterman Publications Limited","2022","2025",""
"NaCCA_Approved_BK0307","NaCCA/G.42/VOL.7/018","Expressive Creative Arts T/G 6","Creative Arts","Textbook","Primary","Masterman Publications Limited","2024","2025",""
"NaCCA_Approved_BK0308","NaCCA/G.42/VOL.7/019","Interactive English Language for JHS Basic 7","English","Textbook","JHS","Masterman Publications Limited","2020","2025",""
"NaCCA_Approved_BK0309","NaCCA/G.42/VOL.7/019","Interactive English Language TG for JHS Basic 7","English","Textbook","JHS","Masterman Publications Limited","2023","2025",""
"NaCCA_Approved_BK0310","NaCCA/G.42/VOL.7/019","Interactive English Language for JHS Basic 8","English","Textbook","JHS","Masterman Publications Limited","2020","2025",""
"NaCCA_Approved_BK0311","NaCCA/G.42/VOL.7/019","Interactive English Language TG for JHS Basic 8","English","Textbook","JHS","Masterman Publications Limited","2023","2025",""
"NaCCA_Approved_BK0312","NaCCA/G.42/VOL.7/019","Interactive English Language for JHS Basic 9","English","Textbook","JHS","Masterman Publications Limited","2023","2025",""
"NaCCA_Approved_BK0313","NaCCA/G.42/VOL.7/019","Interactive English Language for TG JHS Basic 9","English","Textbook","JHS","Masterman Publications Limited","2023","2025",""
"NaCCA_Approved_BK0314","NaCCA/G.42/VOL.7/020","Career Technology for JHS Basic 7","Career Technology","Textbook","JHS","Masterman Publications Limited","2022","2025",""
"NaCCA_Approved_BK0315","NaCCA/G.42/VOL.7/020","Career Technology TG for JHS Basic 7","Career Technology","Textbook","JHS","Masterman Publications Limited","2023","2025",""
"NaCCA_Approved_BK0316","NaCCA/G.42/VOL.7/020","Career Technology for JHS Basic 8","Career Technology","Textbook","JHS","Masterman Publications Limited","2023","2025",""
"NaCCA_Approved_BK0317","NaCCA/G.42/VOL.7/020","Career Technology TG for JHS Basic 8","Career Technology","Textbook","JHS","Masterman Publications Limited","2023","2025",""
"NaCCA_Approved_BK0318","NaCCA/G.42/VOL.7/020","Career Technology for JHS Basic 9","Career Technology","Textbook","JHS","Masterman Publications Limited","2023","2025",""
"NaCCA_Approved_BK0319","NaCCA/G.42/VOL.7/020","Career Technology TG for JHS Basic 9","Career Technology","Textbook","JHS","Masterman Publications Limited","2023","2025",""
"NaCCA_Approved_BK0320","NaCCA/G.42/VOL.7/021","New Age Science for Basic 4","Science","Textbook","Primary","Masterman Publications Limited","2020","2025",""
"NaCCA_Approved_BK0321","NaCCA/G.42/VOL.7/021","New Age Science for Basic 4 TG","Science","Textbook","Primary","Masterman Publications Limited","2020","2025",""
"NaCCA_Approved_BK0322","NaCCA/G.42/VOL.7/021","New Age Science for Basic 4 Workbook","Science","Textbook","Primary","Masterman Publications Limited","2018","2025",""
"NaCCA_Approved_BK0323","NaCCA/G.42/VOL.7/021","New Age Science for Basic 5","Science","Textbook","Primary","Masterman Publications Limited","2020","2025",""
"NaCCA_Approved_BK0324","NaCCA/G.42/VOL.7/021","New Age Science for Basic 5 TG","Science","Textbook","Primary","Masterman Publications Limited","2020","2025",""
"NaCCA_Approved_BK0325","NaCCA/G.42/VOL.7/021","New Age Science for Basic 5 Workbook","Science","Textbook","Primary","Masterman Publications Limited","2018","2025",""
"NaCCA_Approved_BK0326","NaCCA/G.42/VOL.7/021","New Age Science for Basic 6","Science","Textbook","Primary","Masterman Publications Limited","2020","2025",""
"NaCCA_Approved_BK0327","NaCCA/G.42/VOL.7/021","New Age Science for Basic 6 TG","Science","Textbook","Primary","Masterman Publications Limited","2020","2025",""
"NaCCA_Approved_BK0328","NaCCA/G.42/VOL.7/021","New Age Science for Basic 6 Workbook","Science","Textbook","Primary","Masterman Publications Limited","2018","2025",""
"NaCCA_Approved_BK0329","NaCCA/G.42/VOL.7/022","Contemporary Science for JHS Basic 7","Science","Textbook","JHS","Masterman Publications Limited","2016","2025",""
"NaCCA_Approved_BK0330","NaCCA/G.42/VOL.7/022","Contemporary Science TG for JHS Basic 7","Science","Textbook","JHS","Masterman Publications Limited","2016","2025",""
"NaCCA_Approved_BK0331","NaCCA/G.42/VOL.7/022","Contemporary Science for JHS Basic 8","Science","Textbook","JHS","Masterman Publications Limited","2022","2025",""
"NaCCA_Approved_BK0332","NaCCA/G.42/VOL.7/022","Contemporary Science TG for JHS Basic 8","Science","Textbook","JHS","Masterman Publications Limited","2016","2025",""
"NaCCA_Approved_BK0333","NaCCA/G.42/VOL.7/022","Contemporary Science for JHS Basic 9","Science","Textbook","JHS","Masterman Publications Limited","2022","2025",""
"NaCCA_Approved_BK0334","NaCCA/G.42/VOL.7/022","Contemporary Science TG for JHS Basic 9","Science","Textbook","JHS","Masterman Publications Limited","2016","2025",""
"NaCCA_Approved_BK0335","NaCCA/G.42/VOL.7/025","Activities in Our World and Our People for KG 1","OWOP","Textbook","Kindergarten","Masterman Publications Limited","2020","2025",""
"NaCCA_Approved_BK0336","NaCCA/G.42/VOL.7/025","Activities in Our World and Our People for KG 1 TG","OWOP","Textbook","Kindergarten","Masterman Publications Limited","2020","2025",""
"NaCCA_Approved_BK0337","NaCCA/G.42/VOL.7/025","Activities in Our World and Our People for KG 2","OWOP","Textbook","Kindergarten","Masterman Publications Limited","2020","2025",""
"NaCCA_Approved_BK0338","NaCCA/G.42/VOL.7/025","Activities in Our World and Our People for KG 2 TG","OWOP","Textbook","Kindergarten","Masterman Publications Limited","2020","2025",""
"NaCCA_Approved_BK0339","NaCCA/G.42/VOL.7/026","Activities in Creative Arts for KG 1","Creative Arts","Textbook","Kindergarten","Masterman Publications Limited","2020","2025",""
"NaCCA_Approved_BK0340","NaCCA/G.42/VOL.7/026","Activities in Creative Arts for KG 1 TG","Creative Arts","Textbook","Kindergarten","Masterman Publications Limited","2020","2025",""
"NaCCA_Approved_BK0341","NaCCA/G.42/VOL.7/026","Activities in Creative Arts for KG 2","Creative Arts","Textbook","Kindergarten","Masterman Publications Limited","2020","2025",""
"NaCCA_Approved_BK0342","NaCCA/G.42/VOL.7/026","Activities in Creative Arts for KG 2 TG","Creative Arts","Textbook","Kindergarten","Masterman Publications Limited","2020","2025",""
"NaCCA_Approved_BK0343","NaCCA/G.42/VOL.7/035","Essential Writing Skills- Primary 1","Literacy","Supplementary","Primary","NNF Esquire Limited","2024","2025",""
"NaCCA_Approved_BK0344","NaCCA/G.42/VOL.7/035","Essential Writing Skills- Primary 2","Literacy","Supplementary","Primary","NNF Esquire Limited","2024","2025",""
"NaCCA_Approved_BK0345","NaCCA/G.42/VOL.7/035","Essential Writing Skills- Primary 3","Literacy","Supplementary","Primary","NNF Esquire Limited","2024","2025",""
"NaCCA_Approved_BK0346","NaCCA/G.42/VOL.7/035","Essential Writing Skills- Primary 4","Literacy","Supplementary","Primary","NNF Esquire Limited","2024","2025",""
"NaCCA_Approved_BK0347","NaCCA/G.42/VOL.7/035","Essential Writing Skills- Primary 5","Literacy","Supplementary","Primary","NNF Esquire Limited","2024","2025",""
"NaCCA_Approved_BK0348","NaCCA/G.42/VOL.7/035","Essential Writing Skills- Primary 6","Literacy","Supplementary","Primary","NNF Esquire Limited","2024","2025",""
"NaCCA_Approved_BK0349","NaCCA/G.42/VOL.7/037","Evegbe soso na dzunio suku kokowo 7","Evegbe","Textbook","JHS","Masterman Publications Limited","2022","2025",""
"NaCCA_Approved_BK0350","NaCCA/G.42/VOL.7/037","Evegbe soso na dzunio suku kokowo 7 TG","Evegbe","Textbook","JHS","Masterman Publications Limited","2023","2025",""
"NaCCA_Approved_BK0351","NaCCA/G.42/VOL.7/037","Evegbe soso na dzunio suku kokowo 8","Evegbe","Textbook","JHS","Masterman Publications Limited","2022","2025",""
"NaCCA_Approved_BK0352","NaCCA/G.42/VOL.7/037","Evegbe soso na dzunio suku kokowo 8 TG","Evegbe","Textbook","JHS","Masterman Publications Limited","2022","2025",""
"NaCCA_Approved_BK0353","NaCCA/G.42/VOL.7/037","Evegbe soso na dzunio suku kokowo 9","Evegbe","Textbook","JHS","Masterman Publications Limited","2023","2025",""
"NaCCA_Approved_BK0354","NaCCA/G.42/VOL.7/037","Evegbe soso na dzunio suku kokowo 9 TG","Evegbe","Textbook","JHS","Masterman Publications Limited","2023","2025",""
"NaCCA_Approved_BK0355","NaCCA/G.42/VOL.7/038","Nyimdzee Ahy3se Basic 7","Mfantse","Textbook","JHS","Masterman Publications Limited","2022","2025",""
"NaCCA_Approved_BK0356","NaCCA/G.42/VOL.7/038","Nyimdzee Ahy3se Basic 7 TG","Mfantse","Textbook","JHS","Masterman Publications Limited","2023","2025",""
"NaCCA_Approved_BK0357","NaCCA/G.42/VOL.7/038","Nyimdzee Ahy3se Basic 8","Mfantse","Textbook","JHS","Masterman Publications Limited","2022","2025",""
"NaCCA_Approved_BK0358","NaCCA/G.42/VOL.7/038","Nyimdzee Ahy3se Basic 8 TG","Mfantse","Textbook","JHS","Masterman Publications Limited","2023","2025",""
"NaCCA_Approved_BK0359","NaCCA/G.42/VOL.7/038","Nyimdzee Ahy3se Basic 9","Mfantse","Textbook","JHS","Masterman Publications Limited","2023","2025",""
"NaCCA_Approved_BK0360","NaCCA/G.42/VOL.7/038","Nyimdzee Ahy3se Basic 9 TG","Mfantse","Textbook","JHS","Masterman Publications Limited","2023","2025",""
"NaCCA_Approved_BK0361","NaCCA/G.42/VOL.7/039","He's Guilty, Why Punish Me","Reader","Supplementary","SHS","Clazzee Kezito Ventures","2025","2025",""
"NaCCA_Approved_BK0362","NaCCA/G.42/VOL.7/039","A Birthday Surprise","Reader","Supplementary","SHS","Clazzee Kezito Ventures","2025","2025",""
"NaCCA_Approved_BK0363","NaCCA/G.42/VOL.7/039","You Reap What You Sow","Reader","Supplementary","SHS","Clazzee Kezito Ventures","2025","2025",""
"NaCCA_Approved_BK0364","NaCCA/G.42/VOL.7/045","Practical Mathematics Book 1 L/B","Mathematics","Textbook","Primary","Masterman Publications Limited","2021","2025",""
"NaCCA_Approved_BK0365","NaCCA/G.42/VOL.7/045","Practical Mathematics Book 1 T/G","Mathematics","Textbook","Primary","Masterman Publications Limited","2023","2025",""
"NaCCA_Approved_BK0366","NaCCA/G.42/VOL.7/045","Practical Mathematics Book 1 W/B","Mathematics","Textbook","Primary","Masterman Publications Limited","2020","2025",""
"NaCCA_Approved_BK0367","NaCCA/G.42/VOL.7/045","Practical Mathematics Book 2 L/B","Mathematics","Textbook","Primary","Masterman Publications Limited","2021","2025",""
"NaCCA_Approved_BK0368","NaCCA/G.42/VOL.7/045","Practical Mathematics Book 2 T/G","Mathematics","Textbook","Primary","Masterman Publications Limited","2023","2025",""
"NaCCA_Approved_BK0369","NaCCA/G.42/VOL.7/045","Practical Mathematics Book 2 W/B","Mathematics","Textbook","Primary","Masterman Publications Limited","2021","2025",""
"NaCCA_Approved_BK0370","NaCCA/G.42/VOL.7/045","Practical Mathematics Book 3 L/B","Mathematics","Textbook","Primary","Masterman Publications Limited","2021","2025",""
"NaCCA_Approved_BK0371","NaCCA/G.42/VOL.7/045","Practical Mathematics Book 3 T/G","Mathematics","Textbook","Primary","Masterman Publications Limited","2023","2025",""
"NaCCA_Approved_BK0372","NaCCA/G.42/VOL.7/045","Practical Mathematics Book 3 W/B","Mathematics","Textbook","Primary","Masterman Publications Limited","2021","2025",""
"NaCCA_Approved_BK0373","NaCCA/G.42/VOL.7/045","Practical Mathematics Book 4 L/B","Mathematics","Textbook","Primary","Masterman Publications Limited","2020","2025",""
"NaCCA_Approved_BK0374","NaCCA/G.42/VOL.7/045","Practical Mathematics Book 4 T/G","Mathematics","Textbook","Primary","Masterman Publications Limited","2023","2025",""
"NaCCA_Approved_BK0375","NaCCA/G.42/VOL.7/045","Practical Mathematics Boook 4 W/B","Mathematics","Textbook","Primary","Masterman Publications Limited","2020","2025",""
"NaCCA_Approved_BK0376","NaCCA/G.42/VOL.7/045","Practical Mathematics Book 5 L/B","Mathematics","Textbook","Primary","Masterman Publications Limited","2020","2025",""
"NaCCA_Approved_BK0377","NaCCA/G.42/VOL.7/045","Practical Mathematics Book 5 T/G","Mathematics","Textbook","Primary","Masterman Publications Limited","2023","2025",""
"NaCCA_Approved_BK0378","NaCCA/G.42/VOL.7/045","Practical Mathematics Book 5 W/B","Mathematics","Textbook","Primary","Masterman Publications Limited","2020","2025",""
"NaCCA_Approved_BK0379","NaCCA/G.42/VOL.7/045","Practical Mathematics Book 6 L/B","Mathematics","Textbook","Primary","Masterman Publications Limited","2020","2025",""
"NaCCA_Approved_BK0380","NaCCA/G.42/VOL.7/045","Practical Mathematics Book 6 T/G","Mathematics","Textbook","Primary","Masterman Publications Limited","2023","2025",""
"NaCCA_Approved_BK0381","NaCCA/G.42/VOL.7/045","Practical Mathematics Book 6 W/B","Mathematics","Textbook","Primary","Masterman Publications Limited","2020","2025",""
"NaCCA_Approved_BK0382","NaCCA/G.42/VOL.7/044","Evegbe Book 1 L/B","Evegbe","Textbook","Primary","Masterman Publications Limited","2021","2025",""
"NaCCA_Approved_BK0383","NaCCA/G.42/VOL.7/044","Evegbe Book 1 T/G","Evegbe","Textbook","Primary","Masterman Publications Limited","2021","2025",""
"NaCCA_Approved_BK0384","NaCCA/G.42/VOL.7/044","Evegbe Book 2 L/B","Evegbe","Textbook","Primary","Masterman Publications Limited","2021","2025",""
"NaCCA_Approved_BK0385","NaCCA/G.42/VOL.7/044","Evegbe Book 2 T/G","Evegbe","Textbook","Primary","Masterman Publications Limited","2021","2025",""
"NaCCA_Approved_BK0386","NaCCA/G.42/VOL.7/044","Evegbe Book 3 L/B","Evegbe","Textbook","Primary","Masterman Publications Limited","2020","2025",""
"NaCCA_Approved_BK0387","NaCCA/G.42/VOL.7/044","Evegbe Book 3 T/G","Evegbe","Textbook","Primary","Masterman Publications Limited","2021","2025",""
"NaCCA_Approved_BK0388","NaCCA/G.42/VOL.7/044","Evegbe Book 4 L/B","Evegbe","Textbook","Primary","Masterman Publications Limited","2021","2025",""
"NaCCA_Approved_BK0389","NaCCA/G.42/VOL.7/044","Evegbe Book 4 T/G","Evegbe","Textbook","Primary","Masterman Publications Limited","2021","2025",""
"NaCCA_Approved_BK0390","NaCCA/G.42/VOL.7/044","Evegbe Book 5 L/B","Evegbe","Textbook","Primary","Masterman Publications Limited","2021","2025",""
"NaCCA_Approved_BK0391","NaCCA/G.42/VOL.7/044","Evegbe Book 5 T/G","Evegbe","Textbook","Primary","Masterman Publications Limited","2021","2025",""
"NaCCA_Approved_BK0392","NaCCA/G.42/VOL.7/044","Evegbe Book 6 L/B","Evegbe","Textbook","Primary","Masterman Publications Limited","2022","2025",""
"NaCCA_Approved_BK0393","NaCCA/G.42/VOL.7/044","Evegbe Book 6 T/G","Evegbe","Textbook","Primary","Masterman Publications Limited","2021","2025",""
"NaCCA_Approved_BK0394","NaCCA/G.42/VOL.7/043","Computing Basic 7 L/B","Computing","Textbook","JHS","Masterman Publications Limited","2024","2025",""
"NaCCA_Approved_BK0395","NaCCA/G.42/VOL.7/043","Computing Basic 7 T/G","Computing","Textbook","JHS","Masterman Publications Limited","2024","2025",""
"NaCCA_Approved_BK0396","NaCCA/G.42/VOL.7/043","Computing Basic 8 L/B","Computing","Textbook","JHS","Masterman Publications Limited","2024","2025",""
"NaCCA_Approved_BK0397","NaCCA/G.42/VOL.7/043","Computing Basic 8 T/G","Computing","Textbook","JHS","Masterman Publications Limited","2024","2025",""
"NaCCA_Approved_BK0398","NaCCA/G.42/VOL.7/043","Computing Basic 9 L/B","Computing","Textbook","JHS","Masterman Publications Limited","2024","2025",""
"NaCCA_Approved_BK0399","NaCCA/G.42/VOL.7/043","Computing Basic 9 T/G","Computing","Textbook","JHS","Masterman Publications Limited","2024","2025",""
"NaCCA_Approved_BK0400","NaCCA/G.42/VOL.7/051","Ma Yensua Asante Twi (Kasa ne Amammere) Basic 7 L/B","Asante Twi","Textbook","JHS","Red Oak Limited","2021","2025",""
"NaCCA_Approved_BK0401","NaCCA/G.42/VOL.7/051","Ma Yensua Asante Twi (Kasa ne Amammere) Basic 7 T/G","Asante Twi","Textbook","JHS","Red Oak Limited","2021","2025",""
"NaCCA_Approved_BK0402","NaCCA/G.42/VOL.7/051","Ma Yensua Asante Twi (Kasa ne Amammere) Basic 8 L/B","Asante Twi","Textbook","JHS","Red Oak Limited","2021","2025",""
"NaCCA_Approved_BK0403","NaCCA/G.42/VOL.7/051","Ma Yensua Asante Twi (Kasa ne Amammere) Basic 8 T/G","Asante Twi","Textbook","JHS","Red Oak Limited","2021","2025",""
"NaCCA_Approved_BK0404","NaCCA/G.42/VOL.7/051","Ma Yensua Asante Twi (Kasa ne Amammere) Basic 9 L/B","Asante Twi","Textbook","JHS","Red Oak Limited","2021","2025",""
"NaCCA_Approved_BK0405","NaCCA/G.42/VOL.7/051","Ma Yensua Asante Twi (Kasa ne Amammere) Basic 9 T/G","Asante Twi","Textbook","JHS","Red Oak Limited","2021","2025",""
"NaCCA_Approved_BK0406","NaCCA/G.42/VOL.7/051","Ma Yensua Asante Twi (Kasa ne Amammere) Basic 9 T/G","Asante Twi","Textbook","JHS","Red Oak Limited","2021","2025",""
"NaCCA_Approved_BK0407","NaCCA/G.42/VOL.7/052","Ma Yensua Akuapem Twi (Kasa ne Amammere) Basic 7 T/G","Akuapem Twi","Textbook","JHS","Red Oak Limited","2021","2025",""
"NaCCA_Approved_BK0408","NaCCA/G.42/VOL.7/052","Ma Yensua Akuapem Twi (Kasa ne Amammere) Basi 8 L/B","Akuapem Twi","Textbook","JHS","Red Oak Limited","2021","2025",""
"NaCCA_Approved_BK0409","NaCCA/G.42/VOL.7/052","Ma Yensua Akuapem Twi (Kasa ne Amammere) Basic 8 T/G","Akuapem Twi","Textbook","JHS","Red Oak Limited","2021","2025",""
"NaCCA_Approved_BK0410","NaCCA/G.42/VOL.7/052","Ma Yensua Akuapem Twi (Kasa ne Amammere) Basic 9 L/B","Akuapem Twi","Textbook","JHS","Red Oak Limited","2021","2025",""
"NaCCA_Approved_BK0411","NaCCA/G.42/VOL.7/052","Ma Yensua Akuapem Twi (Kasa ne Amammere) Basic 9 T/G","Akuapem Twi","Textbook","JHS","Red Oak Limited","2021","2025",""
"NaCCA_Approved_BK0412","NaCCA/G.42/VOL.7/046","L'argent ne Fait pas le Bonheur","French","Supplementary","SHS","Afram Publications GH. Limited","1975","2025",""
"NaCCA_Approved_BK0413","NaCCA/G.42/VOL.7/047","28th The Crossroads","Reader","Supplementary","Upper Primary","Mountype Publishing Ltd.","2023","2025",""
"NaCCA_Approved_BK0414","NaCCA/G.42/VOL.7/048","Monetizing your Creativity and Innovation - An Introduction to Intellectual Property","Reader","Supplementary","SHS","Anku.Anku At-Law, Africa","2022","2025",""
"NaCCA_Approved_BK0415","NaCCA/G.42/VOL.7/056","Everyday Values for Sunday school Children- Service","Reader","Supplementary","Primary","Pascaline Kuunzungla Songsore","2013","2025",""
"NaCCA_Approved_BK0416","NaCCA/G.42/VOL.7/056","Everyday Values for Sunday school Children- Gratitude","Reader","Supplementary","Primary","Pascaline Kuunzungla Songsore","2013","2025",""
"NaCCA_Approved_BK0417","NaCCA/G.42/VOL.7/056","Everyday Values for Sunday school Children- Respect","Reader","Supplementary","Primary","Pascaline Kuunzungla Songsore","2013","2025",""
"NaCCA_Approved_BK0418","NaCCA/G.42/VOL.7/056","Everyday Values for Sunday school Children- Forgiveness","Reader","Supplementary","Primary","Pascaline Kuunzungla Songsore","2013","2025",""
"NaCCA_Approved_BK0419","NaCCA/G.42/VOL.7/056","Everyday Values for Sunday school Children- Humility","Reader","Supplementary","Primary","Pascaline Kuunzungla Songsore","2013","2025",""
"NaCCA_Approved_BK0420","NaCCA/G.42/VOL.7/056","Everyday Values for Sunday school Children- Honesty","Reader","Supplementary","Primary","Pascaline Kuunzungla Songsore","2013","2025",""
"NaCCA_Approved_BK0421","NaCCA/G.42/VOL.7/056","Everyday Values for Sunday school Children- Love","Reader","Supplementary","Primary","Pascaline Kuunzungla Songsore","2013","2025",""
"NaCCA_Approved_BK0422","NaCCA/G.42/VOL.7/056","Everyday Values for Sunday school Children- Selflessness","Reader","Supplementary","Primary","Pascaline Kuunzungla Songsore","2013","2025",""
"NaCCA_Approved_BK0423","NaCCA/G.42/VOL.7/056","Everyday Values for Sunday school Children- Endurance","Reader","Supplementary","Primary","Pascaline Kuunzungla Songsore","2013","2025",""
"NaCCA_Approved_BK0424","NaCCA/G.42/VOL.7/056","Everyday Values for Sunday school Children- Generosity","Reader","Supplementary","Primary","Pascaline Kuunzungla Songsore","2013","2025",""
"NaCCA_Approved_BK0425","NaCCA/G.42/VOL.7/058","I Can Count and Write Mathematics Book 1","Mathematics","Supplementary","Primary","Philip Tamatey","2018","2025",""
"NaCCA_Approved_BK0426","NaCCA/G.42/VOL.7/058","I Can Count and Write Mathematics Book 2","Mathematics","Supplementary","Primary","Philip Tamatey","2018","2025",""
"NaCCA_Approved_BK0427","NaCCA/G.42/VOL.7/058","I Can Count and Write Mathematics Book 3","Mathematics","Supplementary","Primary","Philip Tamatey","2018","2025",""
"NaCCA_Approved_BK0428","NaCCA/G.42/VOL.7/058","I Can Count and Write Mathematics Book 4","Mathematics","Supplementary","Primary","Philip Tamatey","2018","2025",""
"NaCCA_Approved_BK0429","NaCCA/G.42/VOL.7/058","I Can Count and Write Mathematics Book 5","Mathematics","Supplementary","Primary","Philip Tamatey","2018","2025",""
"NaCCA_Approved_BK0430","NaCCA/G.42/VOL.7/058","I Can Count and Write Mathematics Book 6","Mathematics","Supplementary","Primary","Philip Tamatey","2018","2025",""
"NaCCA_Approved_BK0431","NaCCA/G.42/VOL.7/059","Divine Rescue","Reader","Supplementary","Primary","K3 Publishing","2023","2025",""
"NaCCA_Approved_BK0432","NaCCA/G.42/VOL.7/059","A Visit to a Farm","Reader","Supplementary","Primary","K3 Publishing","2023","2025",""
"NaCCA_Approved_BK0433","NaCCA/G.42/VOL.7/059","Roy Meets Joy","Reader","Supplementary","Kindergarten","K3 Publishing","2024","2025",""
"NaCCA_Approved_BK0434","NaCCA/G.42/VOL.8/158","Physical Education and Health for JHS 1","PEH","Textbook","JHS","Winmat Publishers Ltd.","2025","2026","https://drive.google.com/thumbnail?id=1B4ntMfzxsSpdOfn5fZtgPu3KSBXKrw1O&sz=w200"
"NaCCA_Approved_BK0435","NaCCA/G.42/VOL.8/158","Physical Education and Health for JHS 2","PEH","Textbook","JHS","Winmat Publishers Ltd.","2025","2026","https://drive.google.com/thumbnail?id=1TNdOePmMx67JuNYzA_bsoZtKCGlbZ99K&sz=w200"
"NaCCA_Approved_BK0436","NaCCA/G.42/VOL.8/158","Physical Education and Health for JHS 3","PEH","Textbook","JHS","Winmat Publishers Ltd.","2025","2026","https://drive.google.com/thumbnail?id=1doyQpQKBgdMLDgQT8kNGi7-DuEkfVwxN&sz=w200"
"NaCCA_Approved_BK0437","NaCCA/G.42/VOL.8/160","Religious and Moral Education for JHS 1","RME","Textbook","JHS","Winmat Publishers Ltd.","2025","2026","https://drive.google.com/thumbnail?id=1vDEMXx2KY1nVrsjoaGkP_d-UWebtvgDp&sz=w200"
"NaCCA_Approved_BK0438","NaCCA/G.42/VOL.8/160","Religious and Moral Education for JHS 2","RME","Textbook","JHS","Winmat Publishers Ltd.","2025","2026","https://drive.google.com/thumbnail?id=1Lm7F_lOA9NLijJpU1NuqxqfLyyx9fpWa&sz=w200"
"NaCCA_Approved_BK0439","NaCCA/G.42/VOL.8/160","Religious and Moral Education for JHS 3","RME","Textbook","JHS","Winmat Publishers Ltd.","2025","2026","https://drive.google.com/thumbnail?id=1KhpBDcgZq0zeBByVkHY-5hzLBtrdPK_g&sz=w200"
"NaCCA_Approved_BK0440","NaCCA/G.42/VOL.8/157","Mathematics for JHS 1","Mathematics","Textbook","JHS","Winmat Publishers Ltd.","2025","2026","https://drive.google.com/thumbnail?id=1b0bYqoR7Gwo7LhgaPelfndkl3M3XLdYj&sz=w200"
"NaCCA_Approved_BK0441","NaCCA/G.42/VOL.8/157","Mathematics for JHS 2","Mathematics","Textbook","JHS","Winmat Publishers Ltd.","2025","2026","https://drive.google.com/thumbnail?id=1M_cLvMTh3AGl9O9kQ1NzWG36g_hqB_EB&sz=w200"
"NaCCA_Approved_BK0442","NaCCA/G.42/VOL.8/157","Mathematics for JHS 3 FG","Mathematics","Textbook","JHS","Winmat Publishers Ltd.","2025","2026","https://drive.google.com/thumbnail?id=1cQS1lr_SD9g8WUurmWDGRPJRjWWeMs20&sz=w200"
"NaCCA_Approved_BK0443","NaCCA/G.42/VOL.8/161","Social Studies for JHS 1 FG","Social Studies","Textbook","JHS","Winmat Publishers Ltd.","2025","2026","https://drive.google.com/thumbnail?id=1TX91StM_P6QTPZda8dGxKxuRGrMiVF0q&sz=w200"
"NaCCA_Approved_BK0444","NaCCA/G.42/VOL.8/161","Social Studies for JHS 2 FG","Social Studies","Textbook","JHS","Winmat Publishers Ltd.","2025","2026","https://drive.google.com/thumbnail?id=13CcyKagoCemvMhdWVk2yInhNS-Kt33KZ&sz=w200"
"NaCCA_Approved_BK0445","NaCCA/G.42/VOL.8/161","Social Studies for JHS 3 FG","Social Studies","Textbook","JHS","Winmat Publishers Ltd.","2025","2026","https://drive.google.com/thumbnail?id=1PKDm_g6S8NDLsAxcCr6MzZG5FpIWN5u1&sz=w200"
"NaCCA_Approved_BK0446","NaCCA/G.42/VOL.8/159","Integrated Science for JHS 1 FG","Integrated Science","Textbook","JHS","Winmat Publishers Ltd.","2025","2026","https://drive.google.com/thumbnail?id=18NX9xfEYwGLHeVTroK0gLIXRIlCDpxkg&sz=w200"
"NaCCA_Approved_BK0447","NaCCA/G.42/VOL.8/159","Integrated Science for JHS 2 FG","Integrated Science","Textbook","JHS","Winmat Publishers Ltd.","2025","2026","https://drive.google.com/thumbnail?id=1bL1K336N5HwkJz43LXGfXekTBzCJwlL6&sz=w200"
"NaCCA_Approved_BK0448","NaCCA/G.42/VOL.8/159","Integrated Science for JHS 3 FG","Integrated Science","Textbook","JHS","Winmat Publishers Ltd.","2025","2026","https://drive.google.com/thumbnail?id=1dBnb3flq-8PMb3d74HsieFjWWh1O7Utj&sz=w200"
"NaCCA_Approved_BK0449","NaCCA/G.42/VOL.8/156","Ga Wolo Keha Jiniɔ Hai Sukui - JHS 1 – FG","Ga","Textbook","JHS","Winmat Publishers Ltd.","2025","2026",""
"NaCCA_Approved_BK0450","NaCCA/G.42/VOL.8/156","Ga Wolo Keha Jiniɔ Hai Sukui - JHS 2 – FG","Ga","Textbook","JHS","Winmat Publishers Ltd.","2025","2026",""
"NaCCA_Approved_BK0451","NaCCA/G.42/VOL.8/156","Ga Wolo Keha Jiniɔ Hai Sukui - JHS 3 – FG","Ga","Textbook","JHS","Winmat Publishers Ltd.","2025","2026",""
"NaCCA_Approved_BK0452","NaCCA/G.42/VOL.8/153","Evegbegbalē Na Dzuniɔ Sekendrisukuwo - JHS 1 - FG","Evegbe","Textbook","JHS","Winmat Publishers Ltd.","2025","2026",""
"NaCCA_Approved_BK0453","NaCCA/G.42/VOL.8/153","Evegbegbalē Na Dzuniɔ Sekendrisukuwo - JHS 2 - FG","Evegbe","Textbook","JHS","Winmat Publishers Ltd.","2025","2026",""
"NaCCA_Approved_BK0454","NaCCA/G.42/VOL.8/153","Evegbegbalē Na Dzuniɔ Sekendrisukuwo - JHS 3 - FG","Evegbe","Textbook","JHS","Winmat Publishers Ltd.","2025","2026",""
"NaCCA_Approved_BK0455","NaCCA/G.42/VOL.8/154","Dagbani Buku Zanti Bisarinsi Shikuriti for JHS 1 FG","Dagbani","Textbook","JHS","Winmat Publishers Ltd.","2025","2026",""
"NaCCA_Approved_BK0456","NaCCA/G.42/VOL.8/154","Dagbani Buku Zanti Bisarinsi Shikuriti for JHS 2 FG","Dagbani","Textbook","JHS","Winmat Publishers Ltd.","2025","2026",""
"NaCCA_Approved_BK0457","NaCCA/G.42/VOL.8/154","Dagbani Buku Zanti Bisarinsi Shikuriti for JHS 3 FG","Dagbani","Textbook","JHS","Winmat Publishers Ltd.","2025","2026",""
"NaCCA_Approved_BK0458","NaCCA/G.42/VOL.8/151","Computing for JHS 1 FG","Computing","Textbook","JHS","Winmat Publishers Ltd.","2025","2026","https://drive.google.com/thumbnail?id=1-VLr5EHKZuoy-tAE8_VgXz7kja-YAveI&sz=w200"
"NaCCA_Approved_BK0459","NaCCA/G.42/VOL.8/151","Computing for JHS 2 FG","Computing","Textbook","JHS","Winmat Publishers Ltd.","2025","2026","https://drive.google.com/thumbnail?id=1M1M2gUIqhOLepZEjCatEh13t1bo5YZHz&sz=w200"
"NaCCA_Approved_BK0460","NaCCA/G.42/VOL.8/151","Computing for JHS 3 FG","Computing","Textbook","JHS","Winmat Publishers Ltd.","2025","2026","https://drive.google.com/thumbnail?id=1Zu_yZUmUt36CvPmnIQxfEaLAyYmnNE97&sz=w200"
"NaCCA_Approved_BK0461","NaCCA/G.42/VOL.8/152","Asante Twi Ntoasoɔ Sukuu - JHS 1 – FG","Asante Twi","Textbook","JHS","Winmat Publishers Ltd.","2025","2026",""
"NaCCA_Approved_BK0462","NaCCA/G.42/VOL.8/152","Asante Twi Ntoasoɔ Sukuu - JHS 2 – FG","Asante Twi","Textbook","JHS","Winmat Publishers Ltd.","2025","2026",""
"NaCCA_Approved_BK0463","NaCCA/G.42/VOL.8/152","Asante Twi Ntoasoɔ Sukuu - JHS 3 – FG","Asante Twi","Textbook","JHS","Winmat Publishers Ltd.","2025","2026",""
"NaCCA_Approved_BK0464","NaCCA/G.42/VOL.8/155","French for JHS 1","French","Textbook","JHS","Winmat Publishers Ltd.","2025","2026","https://drive.google.com/thumbnail?id=1lX6o8xRT1X69UzqT4oI5h4p9mMe3ltmX&sz=w200"
"NaCCA_Approved_BK0465","NaCCA/G.42/VOL.8/155","French for JHS 2","French","Textbook","JHS","Winmat Publishers Ltd.","2025","2026","https://drive.google.com/thumbnail?id=1r3NI8wddPDxRR6Ux3V51yt9A7j5Rq19s&sz=w200"
"NaCCA_Approved_BK0466","NaCCA/G.42/VOL.8/155","French for JHS 3","French","Textbook","JHS","Winmat Publishers Ltd.","2025","2026","https://drive.google.com/thumbnail?id=1GSAo_cEDwYKEdefcXdmrHsz1k_llxnd5&sz=w200"
"NaCCA_Approved_BK0467","NaCCA/G.42/Vol.8/201","Dangme Womi Ke ha Juniɔ Hai Sukuuhi - JHS 3","Dangme","Textbook","JHS","Winmat Publishers Ltd.","2025","2026","https://drive.google.com/thumbnail?id=1NRbuMOEJwHeIafSiVUjFFAQ38tJhKRf0&sz=w200"
"NaCCA_Approved_BK0468","NaCCA/G.42/Vol.8/201","Dangme Womi Ke ha Juniɔ Hai Sukuuhi - JHS 2","Dangme","Textbook","JHS","Winmat Publishers Ltd.","2025","2026","https://drive.google.com/thumbnail?id=1m5eHvTyXHdnJb-6y4tZiuKWv_PD94xO1&sz=w200"
"NaCCA_Approved_BK0469","NaCCA/G.42/Vol.8/201","Dangme Womi Ke ha Juniɔ Hai Sukuuhi - JHS 1","Dangme","Textbook","JHS","Winmat Publishers Ltd.","2025","2026","https://drive.google.com/thumbnail?id=14HdKwJIdCdRjjSVDye5woJxwYZzbukbp&sz=w200"
"NaCCA_Approved_BK0470","NaCCA/G.42/Vol.8/201","Dangme Womi Ke ha Juniɔ Hai Sukuuhi - JHS 1 – FG","Dangme","Textbook","JHS","Winmat Publishers Ltd.","2025","2026","https://drive.google.com/thumbnail?id=1kCyaRPszwo5y6oZuSzkqWu-93eeUlh5_&sz=w200"
"NaCCA_Approved_BK0471","NaCCA/G.42/Vol.8/201","Dangme Womi Ke ha Juniɔ Hai Sukuuhi - JHS 2 – FG","Dangme","Textbook","JHS","Winmat Publishers Ltd.","2025","2026","https://drive.google.com/thumbnail?id=1ysBNZrlfA6DervpYVWGCOiSbVwFNvldn&sz=w200"
"NaCCA_Approved_BK0472","NaCCA/G.42/Vol.8/201","Dangme Womi Ke ha Juniɔ Hai Sukuuhi - JHS 3 – FG","Dangme","Textbook","JHS","Winmat Publishers Ltd.","2025","2026","https://drive.google.com/thumbnail?id=1UAc17XnOjUPPL-wPHRLT7lHxG9G2WPTR&sz=w200"
"NaCCA_Approved_BK0473","NaCCA/G.42/Vol.8/200","English for JHS 1","English","Textbook","JHS","Winmat Publishers Ltd.","2025","2026","https://drive.google.com/thumbnail?id=1EZrsYkibKtnHTn-XpCfa9vhinXxLbCq7&sz=w200"
"NaCCA_Approved_BK0474","NaCCA/G.42/Vol.8/200","English for JHS 2","English","Textbook","JHS","Winmat Publishers Ltd.","2025","2026","https://drive.google.com/thumbnail?id=1UX81_V5kXwcV5JugZLFC4-wXTvtilHOw&sz=w200"
"NaCCA_Approved_BK0475","NaCCA/G.42/Vol.8/200","English for JHS 3","English","Textbook","JHS","Winmat Publishers Ltd.","2025","2026","https://drive.google.com/thumbnail?id=1SYUj_nCgGK0sbjLz2v-hGMKoZcY5-3e9&sz=w200"
"NaCCA_Approved_BK0476","NaCCA/G.42/Vol.8/200","English for JHS 1 – FG","English","Textbook","JHS","Winmat Publishers Ltd.","2025","2026","https://drive.google.com/thumbnail?id=1IzPgJ1FofWRF3_cPBJvhxyFLR3jxEzqy&sz=w200"
"NaCCA_Approved_BK0477","NaCCA/G.42/Vol.8/200","English for JHS 2 – FG","English","Textbook","JHS","Winmat Publishers Ltd.","2025","2026","https://drive.google.com/thumbnail?id=159ZjpKNNqsFkeXejErfbIuUUJR3h3k-S&sz=w200"
"NaCCA_Approved_BK0478","NaCCA/G.42/Vol.8/200","English for JHS 3 – FG","English","Textbook","JHS","Winmat Publishers Ltd.","2025","2026","https://drive.google.com/thumbnail?id=1TFVUN9RLydhqiLefUU9kom0VR_EkM8w8&sz=w200"
"NaCCA_Approved_BK0479","NaCCA/G.42/Vol.8/171","Fun Series English for Basic 1","English","Textbook","Primary","Mikel's Grace Company Limited","2022","2026","https://drive.google.com/thumbnail?id=1yf1EpsuoiJFK4_RY1SAf0SWH21bZd7Al&sz=w200"
"NaCCA_Approved_BK0480","NaCCA/G.42/Vol.8/171","Fun Series English for Basic 1 TG","English","Textbook","Primary","Mikel's Grace Company Limited","2022","2026","https://drive.google.com/thumbnail?id=1QVFghuqPGQp4o0Yd-KE_dRJADsSuvLyj&sz=w200"
"NaCCA_Approved_BK0481","NaCCA/G.42/Vol.8/171","Fun Series English for Basic 1 WB","English","Textbook","Primary","Mikel's Grace Company Limited","2022","2026",""
"NaCCA_Approved_BK0482","NaCCA/G.42/Vol.8/171","Fun Series English for Basic 2","English","Textbook","Primary","Mikel's Grace Company Limited","2022","2026",""
"NaCCA_Approved_BK0483","NaCCA/G.42/Vol.8/171","Fun Series English for Basic 2 TG","English","Textbook","Primary","Mikel's Grace Company Limited","2022","2026","https://drive.google.com/thumbnail?id=1P7NxUk5RW0P0TanojpMul9jgkwdIx2yB&sz=w200"
"NaCCA_Approved_BK0484","NaCCA/G.42/Vol.8/171","Fun Series English for Basic 2 WB","English","Textbook","Primary","Mikel's Grace Company Limited","2022","2026","https://drive.google.com/thumbnail?id=1_7rNpXgoUEzdXPU1p0TNinpCAAScR2ti&sz=w200"
"NaCCA_Approved_BK0485","NaCCA/G.42/Vol.8/171","Fun Series English for Basic 3","English","Textbook","Primary","Mikel's Grace Company Limited","2022","2026",""
"NaCCA_Approved_BK0486","NaCCA/G.42/Vol.8/171","Fun Series English for Basic 3 TG","English","Textbook","Primary","Mikel's Grace Company Limited","2022","2026","https://drive.google.com/thumbnail?id=1HERPdq8nk55zpErY25yPL1YPiYmgdRIT&sz=w200"
"NaCCA_Approved_BK0487","NaCCA/G.42/Vol.8/171","Fun Series English for Basic 3 WB","English","Textbook","Primary","Mikel's Grace Company Limited","2022","2026","https://drive.google.com/thumbnail?id=1PWJ0ToKylUurAWgDHvEtuPcR1s8iWrBt&sz=w200"
"NaCCA_Approved_BK0488","NaCCA/G.42/Vol.8/171","Fun Series English for Basic 4","English","Textbook","Primary","Mikel's Grace Company Limited","2022","2026",""
"NaCCA_Approved_BK0489","NaCCA/G.42/Vol.8/171","Fun Series English for Basic 4 TG","English","Textbook","Primary","Mikel's Grace Company Limited","2022","2026","https://drive.google.com/thumbnail?id=1BnS7mK34bi1-ELM01pyhwB0x0FR9OuXP&sz=w200"
"NaCCA_Approved_BK0490","NaCCA/G.42/Vol.8/171","Fun Series English for Basic 4 WB","English","Textbook","Primary","Mikel's Grace Company Limited","2022","2026","https://drive.google.com/thumbnail?id=1GyfnKAg_n-bDV0hCkSOjYOsWG1NH4ikB&sz=w200"
"NaCCA_Approved_BK0491","NaCCA/G.42/Vol.8/171","Fun Series English for Basic 5","English","Textbook","Primary","Mikel's Grace Company Limited","2022","2026",""
"NaCCA_Approved_BK0492","NaCCA/G.42/Vol.8/171","Fun Series English for Basic 5 TG","English","Textbook","Primary","Mikel's Grace Company Limited","2022","2026","https://drive.google.com/thumbnail?id=1QWj0Eie5ppUY2xEBKrJza_a08isWAJNB&sz=w200"
"NaCCA_Approved_BK0493","NaCCA/G.42/Vol.8/171","Fun Series English for Basic 5 WB","English","Textbook","Primary","Mikel's Grace Company Limited","2022","2026","https://drive.google.com/thumbnail?id=1E_WbD8py13H06YpEZ-c5qdrbFTCB7SC0&sz=w200"
"NaCCA_Approved_BK0494","NaCCA/G.42/Vol.8/171","Fun Series English for Basic 6","English","Textbook","Primary","Mikel's Grace Company Limited","2022","2026",""
"NaCCA_Approved_BK0495","NaCCA/G.42/Vol.8/171","Fun Series English for Basic 6 TG","English","Textbook","Primary","Mikel's Grace Company Limited","2022","2026","https://drive.google.com/thumbnail?id=1i7IEpC_6nAphd3gYI8t83RI6z6bdmXwj&sz=w200"
"NaCCA_Approved_BK0496","NaCCA/G.42/Vol.8/171","Fun Series English for Basic 6 WB","English","Textbook","Primary","Mikel's Grace Company Limited","2022","2026","https://drive.google.com/thumbnail?id=1OcWsUwxQQYE4t56zUfKWujVvA2yHu-O6&sz=w200"
"NaCCA_Approved_BK0497","NaCCA/G.42/Vol.8/181","Basic Science Rhymes and Poems with Illustrations","Science","Supplementary","Upper Primary/JHS","Mathias Kwame Attianah","2024","2026",""
"NaCCA_Approved_BK0498","NaCCA/G.42/Vol.8/164","Jubilee Series Career Technology L/B 7","Career Technology","Textbook","JHS","Kabkork Publication","2023","2026","https://drive.google.com/thumbnail?id=1MBneDmTzS5ZkGPr6ZatskE7vm8BQqh_a&sz=w200"
"NaCCA_Approved_BK0499","NaCCA/G.42/Vol.8/164","Jubilee Series Career Technology T/G7","Career Technology","Textbook","JHS","Kabkork Publication","2023","2026","https://drive.google.com/thumbnail?id=1mYU_6Xw1Z_y2h_EgFSymR75XEzJaEvUF&sz=w200"
"NaCCA_Approved_BK0500","NaCCA/G.42/Vol.8/164","Jubilee Series Career Technology L/B 8","Career Technology","Textbook","JHS","Kabkork Publication","2023","2026","https://drive.google.com/thumbnail?id=1xHTZ29ALaaLyvfgS40-cVhvwo3uHXVBL&sz=w200"
"NaCCA_Approved_BK0501","NaCCA/G.42/Vol.8/164","Jubilee Series Career Technology T/G 8","Career Technology","Textbook","JHS","Kabkork Publication","2023","2026","https://drive.google.com/thumbnail?id=1xUPRuhV5de3mbMQJ59O6Sna-gyqLm5Vu&sz=w200"
"NaCCA_Approved_BK0502","NaCCA/G.42/Vol.8/164","Jubilee Series Career Technology L/B 9","Career Technology","Textbook","JHS","Kabkork Publication","2023","2026","https://drive.google.com/thumbnail?id=14_cG4syyRZd-fPgMI72qAGp4xz4beE5z&sz=w200"
"NaCCA_Approved_BK0503","NaCCA/G.42/Vol.8/164","Jubilee Series Career Technology T/G 9","Career Technology","Textbook","JHS","Kabkork Publication","2023","2026","https://drive.google.com/thumbnail?id=1WbVpDlBQQ1YIxI6TMXIpWzIdEbOmrLCr&sz=w200"
"NaCCA_Approved_BK0504","NaCCA/G.42/Vol.8/223","General Science for West African SHS Yr 1","General Science","Textbook","SHS","Prof Quarm Educational Ltd.","2026","2026","https://drive.google.com/thumbnail?id=1Cq8KoKI_G7-sG-fsRSM3BDrh94FTy_1n&sz=w200"
"NaCCA_Approved_BK0505","NaCCA/G.42/Vol.8/223","General Science TG for West African SHS Yr 1","General Science","Textbook","SHS","Prof Quarm Educational Ltd.","2026","2026","https://drive.google.com/thumbnail?id=13Gj40jjfOBF8vzkDxcHMpv5qWDthBljJ&sz=w200"
"NaCCA_Approved_BK0506","NaCCA/G.42/Vol.8/223","General Science for West African SHS Yr 2","General Science","Textbook","SHS","Prof Quarm Educational Ltd.","2026","2026","https://drive.google.com/thumbnail?id=15OI4NzvbQ6HVSLMeyCDxyIN2ID4l3aaV&sz=w200"
"NaCCA_Approved_BK0507","NaCCA/G.42/Vol.8/223","General Science TG for West African SHS Yr 2","General Science","Textbook","SHS","Prof Quarm Educational Ltd.","2026","2026","https://drive.google.com/thumbnail?id=1Lnzxg4RLdOW_UXKQe4GA39g6s_GTQqxU&sz=w200"
"NaCCA_Approved_BK0508","NaCCA/G.42/Vol.8/223","General Science for West African SHS Yr 3","General Science","Textbook","SHS","Prof Quarm Educational Ltd.","2026","2026","https://drive.google.com/thumbnail?id=1WO4zjPCe7kZHa2_Vd579iNOLF1R28WVg&sz=w200"
"NaCCA_Approved_BK0509","NaCCA/G.42/Vol.8/223","General Science TG for West African SHS Yr 3","General Science","Textbook","SHS","Prof Quarm Educational Ltd.","2026","2026","https://drive.google.com/thumbnail?id=1WO4zjPCe7kZHa2_Vd579iNOLF1R28WVg&sz=w200"
"NaCCA_Approved_BK0510","NaCCA/G.42/Vol.8/224","English Language for West African SHS Yr 1","English Language","Textbook","SHS","Prof Quarm Educational Ltd.","2026","2026","https://drive.google.com/thumbnail?id=1n6khBpgR0DeCNvGdTZW5dRM7nJg6k4jA&sz=w200"
"NaCCA_Approved_BK0511","NaCCA/G.42/Vol.8/224","English Language TG for West African SHS Yr 1","English Language","Textbook","SHS","Prof Quarm Educational Ltd.","2026","2026","https://drive.google.com/thumbnail?id=1iYODcoMhsRQpMxaJf6vzGWMhz2a4XZ6i&sz=w200"
"NaCCA_Approved_BK0512","NaCCA/G.42/Vol.8/224","English Language for West African SHS Yr 2","English Language","Textbook","SHS","Prof Quarm Educational Ltd.","2026","2026","https://drive.google.com/thumbnail?id=1K6O8MWGkawW6cx6fjfMR0ntwP9XZPIvy&sz=w200"
"NaCCA_Approved_BK0513","NaCCA/G.42/Vol.8/224","English Language TG for West African SHS Yr 2","English Language","Textbook","SHS","Prof Quarm Educational Ltd.","2026","2026","https://drive.google.com/thumbnail?id=12MKiABdKTut2YIQ9TO9jrXh4tSxfKkkG&sz=w200"
"NaCCA_Approved_BK0514","NaCCA/G.42/Vol.8/224","English Language for West African SHS Yr 3","English Language","Textbook","SHS","Prof Quarm Educational Ltd.","2026","2026","https://drive.google.com/thumbnail?id=1UbsD_GvbgOvCDCl9KJ1Q1pMddxmcVaRq&sz=w200"
"NaCCA_Approved_BK0515","NaCCA/G.42/Vol.8/224","English Language TG for West African SHS Yr 3","English Language","Textbook","SHS","Prof Quarm Educational Ltd.","2026","2026","https://drive.google.com/thumbnail?id=1ufVY_ibUzlQI8p60PAfhmpICN8-7aOfa&sz=w200"
"NaCCA_Approved_BK0516","NaCCA/G.42/Vol.8/222","Social Studies for West African SHS Yr 1","Social Studies","Textbook","SHS","Prof Quarm Educational Ltd.","2026","2026","https://drive.google.com/thumbnail?id=1HGTs5ZN-LjomGhMuJyFUme17fbtYsDU-&sz=w200 https://drive.google.com/thumbnail?id=1HGTs5ZN-LjomGhMuJyFUme17fbtYsDU-&sz=w200"
"NaCCA_Approved_BK0517","NaCCA/G.42/Vol.8/222","Social Studies TG for West African SHS Yr 1","Social Studies","Textbook","SHS","Prof Quarm Educational Ltd.","2026","2026","https://drive.google.com/thumbnail?id=1tRmgQQYw6H_SDCRMLZNT7InUY7l13YS9&sz=w200"
"NaCCA_Approved_BK0518","NaCCA/G.42/Vol.8/222","Social Studies for West African SHS Yr 2","Social Studies","Textbook","SHS","Prof Quarm Educational Ltd.","2026","2026","https://drive.google.com/thumbnail?id=1M2gtHOwN1N8UNe7p3pkYZr2cn_GIwblC&sz=w200"
"NaCCA_Approved_BK0519","NaCCA/G.42/Vol.8/222","Social Studies TG for West African SHS Yr 2","Social Studies","Textbook","SHS","Prof Quarm Educational Ltd.","2026","2026","https://drive.google.com/thumbnail?id=1plDzUtT1wpb5ftPY3LgzrPHY1UP9zxNE&sz=w200"
"NaCCA_Approved_BK0520","NaCCA/G.42/Vol.8/222","Social Studies for West African SHS Yr 3","Social Studies","Textbook","SHS","Prof Quarm Educational Ltd.","2026","2026","https://drive.google.com/thumbnail?id=1vbTrjrMQwoRFXgytUFISZxUzUG_PhQ1H&sz=w200"
"NaCCA_Approved_BK0521","NaCCA/G.42/Vol.8/222","Social Studies TG for West African SHS Yr 3","Social Studies","Textbook","SHS","Prof Quarm Educational Ltd.","2026","2026","https://drive.google.com/thumbnail?id=1T11T3qJekyuPp-wpZen7oTlGo1CfcVGz&sz=w200"
"NaCCA_Approved_BK0522","NaCCA/G.42/Vol.8/164","Jubilee Series Mathematics Made Easy L/B 7","Mathematics","Textbook","JHS","Kabkork Publication","2025","2026","https://drive.google.com/thumbnail?id=1HTNfFEZARNnkkSU8I6hC9geRqYbnR_oZ&sz=w200"
"NaCCA_Approved_BK0523","NaCCA/G.42/Vol.8/164","Jubilee Series Mathematics Made Easy T/G 7","Mathematics","Textbook","JHS","Kabkork Publication","2025","2026","https://drive.google.com/thumbnail?id=1tu2mPOFBvwUyNB7JTjNVqfFsM3J58Koo&sz=w200"
"NaCCA_Approved_BK0524","NaCCA/G.42/Vol.8/164","Jubilee Series Mathematics Made Easy L/B 8","Mathematics","Textbook","JHS","Kabkork Publication","2025","2026","https://drive.google.com/thumbnail?id=1uhvSsozWnzRgHF-XI2iOz5uTskQespsN&sz=w200"
"NaCCA_Approved_BK0525","NaCCA/G.42/Vol.8/164","Jubilee Series Mathematics Made Easy T/G 8","Mathematics","Textbook","JHS","Kabkork Publication","2025","2026","https://drive.google.com/thumbnail?id=1RSvsc6MXwaJ10AWp03OALQHMyY7q0pWn&sz=w200"
"NaCCA_Approved_BK0526","NaCCA/G.42/Vol.8/164","Jubilee Series Mathematics Made Easy L/B 9","Mathematics","Textbook","JHS","Kabkork Publication","2025","2026","https://drive.google.com/thumbnail?id=1KSd3W-htjrMEXK6AX6vpU3AaaAaauagk&sz=w200"
"NaCCA_Approved_BK0527","NaCCA/G.42/Vol.8/164","Jubilee Series Mathematics Made Easy T/G 9","Mathematics","Textbook","JHS","Kabkork Publication","2025","2026","https://drive.google.com/thumbnail?id=1BsoVdEwma3Dezv3TBQLDpSoWnVusXqkr&sz=w200"
"NaCCA_Approved_BK0528","NaCCA/G.42/Vol.8/217","Ataa Anaanu and his dog","Reader","Supplementary","Primary","Anumnyam Anumnyam","2025","2026","https://drive.google.com/thumbnail?id=1ce6BNTZK_2J5aWJ_2Zp0cbTnWtp8MxFP&sz=w200"
"NaCCA_Approved_BK0529","NaCCA/G.42/Vol.8/216","The First Assignment","Reader","Supplementary","JHS","Scribble Works Publishing","2025","2026","https://drive.google.com/thumbnail?id=10BWXlvC-Xa2DtqqBAek2dvWLL5BcFwiB&sz=w200"
"NaCCA_Approved_BK0530","NaCCA_Approved_BK0530","Courtesy for Boys and Girls","Reader","Supplementary","Upper Primary/JHS","Adaex Educational Publication Ltd.","2022","2026","https://drive.google.com/thumbnail?id=1c3IhNjDnrUZS9uMlvJaY597rchLAE7bG&sz=w200"
"NaCCA_Approved_BK0529","NaCCA/G.42/Vol.8/216","The First Assignment","Reader","Supplementary","JHS","Scribble Works Publishing","2025","2026","https://drive.google.com/thumbnail?id=10BWXlvC-Xa2DtqqBAek2dvWLL5BcFwiB&sz=w200"
"NaCCA_Approved_BK0530","NaCCA/G.42/Vol.8/150","Courtesy for Boys and Girls","Reader","Supplementary","Upper Primary/JHS","Adaex Educational Publication Ltd.","2022","2026","https://drive.google.com/thumbnail?id=1c3IhNjDnrUZS9uMlvJaY597rchLAE7bG&sz=w200"
"NaCCA_Approved_BK0531","NaCCA/G.42/Vol.8/218","AEC Safety Guide-Protect Your Family and Property Against Fire Outbreak","Manual","Supplementary","JHS/SHS","Adamu Seidu","2015","2026","https://drive.google.com/thumbnail?id=1hLgIRo_YeifcuxlHDaBklMMve9Zak17Q&sz=w200"